Type,Name_or_Title,URL,Date,Other_Info,User,Source
GENERAL,bitcoin,2022-02-25 11:34:17.774242,RECENT_SEARCH,mobile,/private/var/mobile/Containers/Data/Application/DFBE7354-6812-46AA-AE50-AC1D75ED0438/Library/Preferences/com.apple.mobilesafari.plist
GENERAL,liss hoper,2022-02-23 20:41:37.349627,RECENT_SEARCH,mobile,/private/var/mobile/Containers/Data/Application/DFBE7354-6812-46AA-AE50-AC1D75ED0438/Library/Preferences/com.apple.mobilesafari.plist
GENERAL,feyenoord,2022-02-17 17:16:11.665643,RECENT_SEARCH,mobile,/private/var/mobile/Containers/Data/Application/DFBE7354-6812-46AA-AE50-AC1D75ED0438/Library/Preferences/com.apple.mobilesafari.plist
GENERAL,bitvavo btc,2022-02-17 17:11:34.417656,RECENT_SEARCH,mobile,/private/var/mobile/Containers/Data/Application/DFBE7354-6812-46AA-AE50-AC1D75ED0438/Library/Preferences/com.apple.mobilesafari.plist
GENERAL,mediamarkt,2022-02-16 16:20:05.316541,RECENT_SEARCH,mobile,/private/var/mobile/Containers/Data/Application/DFBE7354-6812-46AA-AE50-AC1D75ED0438/Library/Preferences/com.apple.mobilesafari.plist
GENERAL,guicci,2022-02-14 16:58:58.742841,RECENT_SEARCH,mobile,/private/var/mobile/Containers/Data/Application/DFBE7354-6812-46AA-AE50-AC1D75ED0438/Library/Preferences/com.apple.mobilesafari.plist
GENERAL,voordeeldrogisterij,2022-02-14 09:51:57.644837,RECENT_SEARCH,mobile,/private/var/mobile/Containers/Data/Application/DFBE7354-6812-46AA-AE50-AC1D75ED0438/Library/Preferences/com.apple.mobilesafari.plist
GENERAL,beltegoed controleren,2022-02-14 09:49:28.356924,RECENT_SEARCH,mobile,/private/var/mobile/Containers/Data/Application/DFBE7354-6812-46AA-AE50-AC1D75ED0438/Library/Preferences/com.apple.mobilesafari.plist
GENERAL,bitcoin koers,2022-02-10 15:27:03.116544,RECENT_SEARCH,mobile,/private/var/mobile/Containers/Data/Application/DFBE7354-6812-46AA-AE50-AC1D75ED0438/Library/Preferences/com.apple.mobilesafari.plist
GENERAL,bnieuwe sim kaart whatsapp,2022-02-04 13:36:52.334490,RECENT_SEARCH,mobile,/private/var/mobile/Containers/Data/Application/DFBE7354-6812-46AA-AE50-AC1D75ED0438/Library/Preferences/com.apple.mobilesafari.plist
GENERAL,accountancynieuws,2022-02-01 12:53:59.716612,RECENT_SEARCH,mobile,/private/var/mobile/Containers/Data/Application/DFBE7354-6812-46AA-AE50-AC1D75ED0438/Library/Preferences/com.apple.mobilesafari.plist
HISTORY,Bing,https://www.bing.com/,2022-02-01 12:49:27.489736,mobile,/private/var/mobile/Library/Safari/History.db
HISTORY,crypto nieuws - Zoeken,https://www.bing.com/search?q=crypto+nieuws&qs=AS&pq=crypto&sk=PRES1&sc=8-6&cvid=2E181640A0F140C080ACC5AC574B48CF&FORM=QBLH&sp=1,2022-02-01 12:49:36.319608,mobile,/private/var/mobile/Library/Safari/History.db
HISTORY,Cryptocurrency Nieuws | Laatste Crypto Nieuws vandaag | Cryptonews.com,https://nl.cryptonews.com/,2022-02-01 12:49:39.668317,mobile,/private/var/mobile/Library/Safari/History.db
HISTORY,Prijs Tracker,https://nl.cryptonews.com/price-tracker/,2022-02-01 12:50:38.757968,mobile,/private/var/mobile/Library/Safari/History.db
HISTORY,"https://www.bing.com/fd/ls/GLinkPing.aspx?IG=3E9A76C2968C4E93B45477A1975024E1&&ID=SERP,5162.1&SUIH=JZIP7ktOOOfPATyXaEm0lw&redir=aHR0cHM6Ly93d3cuY3J5cHRvLm5sL25pZXV3cy8",2022-02-01 12:51:36.120401,mobile,/private/var/mobile/Library/Safari/History.db
HISTORY,Crypto Nieuws - Volg de dagelijkse ontwikkelingen over de Bitcoin,https://www.crypto.nl/nieuws/,2022-02-01 12:51:36.121097,mobile,/private/var/mobile/Library/Safari/History.db
HISTORY,Crypto Nieuws - Volg de dagelijkse ontwikkelingen over de Bitcoin,https://www.crypto.nl/nieuws/#menu,2022-02-01 12:51:43.475660,mobile,/private/var/mobile/Library/Safari/History.db
HISTORY,Crypto Nieuws - Volg de dagelijkse ontwikkelingen over de Bitcoin,https://www.crypto.nl/nieuws/,2022-02-01 12:52:12.048699,mobile,/private/var/mobile/Library/Safari/History.db
HISTORY,"https://www.bing.com/fd/ls/GLinkPing.aspx?IG=3E9A76C2968C4E93B45477A1975024E1&&ID=SERP,5187.1&SUIH=JZIP7ktOOOfPATyXaEm0lw&redir=aHR0cHM6Ly9uaWV1d3MuYnRjZGlyZWN0LmV1Lw",2022-02-01 12:52:21.002930,mobile,/private/var/mobile/Library/Safari/History.db
HISTORY,BTC Direct | Het laatste crypto nieuws vandaag | Actueel cryptocurrency nieuws,https://nieuws.btcdirect.eu/,2022-02-01 12:52:21.003960,mobile,/private/var/mobile/Library/Safari/History.db
HISTORY,https://publisher.copernica.com/,2022-02-01 12:53:21.650551,mobile,/private/var/mobile/Library/Safari/History.db
HISTORY,Bedankt voor je inschrijving,https://btcdirect.eu/nl-nl/mailing,2022-02-01 12:53:21.651148,mobile,/private/var/mobile/Library/Safari/History.db
HISTORY,BTC Direct | Het laatste crypto nieuws vandaag | Actueel cryptocurrency nieuws,https://nieuws.btcdirect.eu/,2022-02-01 12:53:34.608105,mobile,/private/var/mobile/Library/Safari/History.db
HISTORY,https://www.google.nl/search?q=accountancynieuws&ie=UTF-8&oe=UTF-8&hl=nl-nl&client=safari,2022-02-01 12:54:00.016370,mobile,/private/var/mobile/Library/Safari/History.db
HISTORY,https://www.googleadservices.com/pagead/aclk?sa=L&ai=DChcSEwiDneCoxt71AhWY1XcKHR2EBr4YABAAGgJlZg&ae=2&ohost=www.google.nl&cid=CAESWuD2X-Obv7bbuK-kJMyAr4ODMxlWeFXQ1WjB2RP0nxZVKyuiCFG-xTtjO7etlRPJ8i0VttW1DlZatliF3wm0iumYLhkm_SeKa_FCAmvu38w6rJ1ZAXLvfdrg1w&sig=AOD64_0et7BMhFccxOPuz_pWpwRnXFcFkA&q&adurl&ved=2ahUKEwiLq9moxt71AhWAiv0HHeOVCrkQ0Qx6BAgEEAE&dct=1,2022-02-01 12:54:05.012067,mobile,/private/var/mobile/Library/Safari/History.db
HISTORY,Aanmelden nieuwsbrief · Accountancy Vanmorgen,https://www.accountancyvanmorgen.nl/abonneren/aanmelden-nieuwsbrief/?gclid=Cj0KCQiA0eOPBhCGARIsAFIwTs6l02m-ZAU3iMibK3DUZVJNpYGSmvp2vDPk5Dbiku_WktBE6ZspifAaAqf8EALw_wcB,2022-02-01 12:54:05.012994,mobile,/private/var/mobile/Library/Safari/History.db
HISTORY,Bedankt voor je inschrijving · Accountancy Vanmorgen,https://www.accountancyvanmorgen.nl/bedankt-voor-je-inschrijving/?webSessionID=09e482a005b58a90d8dca1acfc153091,2022-02-01 12:55:32.956041,mobile,/private/var/mobile/Library/Safari/History.db
HISTORY,http://voetbalzone.nl/,2022-02-01 12:57:20.758477,mobile,/private/var/mobile/Library/Safari/History.db
HISTORY,Voetbalzone - Meepraten over voetbal.,https://m.voetbalzone.nl/,2022-02-01 12:57:20.759402,mobile,/private/var/mobile/Library/Safari/History.db
HISTORY,Outlook Mobile,https://w2.outlook.com/i/get/pctzzs,2022-02-01 13:22:14.852260,mobile,/private/var/mobile/Library/Safari/History.db
HISTORY,Outlook Mobile,https://w2.outlook.com/i/get/pctzzs,2022-02-03 14:51:48.476346,mobile,/private/var/mobile/Library/Safari/History.db
HISTORY,bnieuwe sim kaart whatsapp - Google Zoeken,https://www.google.nl/search?q=bnieuwe+sim+kaart+whatsapp&ie=UTF-8&oe=UTF-8&hl=nl-nl&client=safari,2022-02-04 13:36:52.571399,mobile,/private/var/mobile/Library/Safari/History.db
HISTORY,bnieuwe sim kaart whatsapp - Google Zoeken,https://www.google.nl/search?q=bnieuwe+sim+kaart+whatsapp&ie=UTF-8&oe=UTF-8&hl=nl-nl&client=safari,2022-02-04 13:36:53.279604,mobile,/private/var/mobile/Library/Safari/History.db
HISTORY,https://search.app.goo.gl/M9zGJxy,2022-02-04 14:43:34.771545,mobile,/private/var/mobile/Library/Safari/History.db
HISTORY,https://search.app.goo.gl/M9zGJxy,2022-02-04 14:43:35.015776,mobile,/private/var/mobile/Library/Safari/History.db
HISTORY,https://search.app.goo.gl/M9zGJxy,2022-02-09 10:02:03.954276,mobile,/private/var/mobile/Library/Safari/History.db
HISTORY,http://nu.nl/,2022-02-09 10:02:11.184591,mobile,/private/var/mobile/Library/Safari/History.db
HISTORY,NU - Het laatste nieuws het eerst op NU.nl,https://www.nu.nl/,2022-02-09 10:02:11.185016,mobile,/private/var/mobile/Library/Safari/History.db
HISTORY,DPG Media Privacy Gate,https://myprivacy.dpgmedia.nl/consent/?siteKey=ucf98legs1caotgh&callbackUrl=https%3A%2F%2Fwww.nu.nl%2Fprivacy-gate%2Faccept%3FredirectUri%3Dhttps%253A%252F%252Fwww.nu.nl%252F,2022-02-09 10:02:11.814969,mobile,/private/var/mobile/Library/Safari/History.db
HISTORY,NU.nl,https://www.nu.nl/privacy-gate/accept?redirectUri=https%3A%2F%2Fwww.nu.nl%2F&authId=086b576c-e983-429f-9fbd-f3bb06038d75&referrer=https%3A%2F%2Fwww.nu.nl%2F&referer=https%3A%2F%2Fwww.nu.nl%2F,2022-02-09 10:02:14.431048,mobile,/private/var/mobile/Library/Safari/History.db
HISTORY,NU - Het laatste nieuws het eerst op NU.nl,https://www.nu.nl/,2022-02-09 10:02:14.777192,mobile,/private/var/mobile/Library/Safari/History.db
HISTORY,https://www.crypto.nl/,2022-02-09 10:35:03.176032,mobile,/private/var/mobile/Library/Safari/History.db
HISTORY,Oud spelers Manchester United richten DAO op voor investeringen - Crypto,https://www.crypto.nl/oud-spelers-manchester-united-richten-dao-op-voor-investeringen/,2022-02-09 10:35:08.712758,mobile,/private/var/mobile/Library/Safari/History.db
HISTORY,http://ad.nl/,2022-02-09 10:35:16.082462,mobile,/private/var/mobile/Library/Safari/History.db
HISTORY,"AD.nl, het laatste nieuws uit binnen- en buitenland, sport en show | AD.nl",https://www.ad.nl/,2022-02-09 10:35:16.083013,mobile,/private/var/mobile/Library/Safari/History.db
HISTORY,MAFS-Arjan twijfelt aan match met Maurice: ‘Ik zie het niet’ | Show | AD.nl,https://www.ad.nl/show/mafs-arjan-twijfelt-aan-match-met-maurice-ik-zie-het-niet~afcf01c0/,2022-02-09 10:35:39.811902,mobile,/private/var/mobile/Library/Safari/History.db
HISTORY,Show | AD.nl,https://www.ad.nl/show/,2022-02-09 10:35:47.002417,mobile,/private/var/mobile/Library/Safari/History.db
HISTORY,Film | AD.nl,https://www.ad.nl/film/,2022-02-09 10:35:48.536442,mobile,/private/var/mobile/Library/Safari/History.db
HISTORY,https://nos.nl/l/2416005,2022-02-09 10:35:55.934598,mobile,/private/var/mobile/Library/Safari/History.db
HISTORY,Bekijk de samenvatting van Feyenoord - Sparta Rotterdam | NOS,https://nos.nl/video/2416005-bekijk-de-samenvatting-van-feyenoord-sparta-rotterdam,2022-02-09 10:35:55.935224,mobile,/private/var/mobile/Library/Safari/History.db
HISTORY,Bekijk de samenvatting van Feyenoord - Sparta Rotterdam | NOS,https://nos.nl/video/2416005-bekijk-de-samenvatting-van-feyenoord-sparta-rotterdam,2022-02-09 10:35:57.552975,mobile,/private/var/mobile/Library/Safari/History.db
HISTORY,"Vaders, zonen, vrienden én publiek: bekijk hier alle samenvattingen eredivisie | NOS",https://nos.nl/artikel/2415927-vaders-zonen-vrienden-en-publiek-bekijk-hier-alle-samenvattingen-eredivisie,2022-02-09 10:36:03.035651,mobile,/private/var/mobile/Library/Safari/History.db
HISTORY,"Vaders, zonen, vrienden én publiek: bekijk hier alle samenvattingen eredivisie | NOS",https://nos.nl/artikel/2415927-vaders-zonen-vrienden-en-publiek-bekijk-hier-alle-samenvattingen-eredivisie,2022-02-09 10:36:03.929489,mobile,/private/var/mobile/Library/Safari/History.db
HISTORY,http://binance.com/,2022-02-10 15:26:46.652391,mobile,/private/var/mobile/Library/Safari/History.db
HISTORY,"Buy/Sell Bitcoin, Ether and Altcoins | Cryptocurrency Exchange | Binance",https://www.binance.com/en,2022-02-10 15:26:46.653335,mobile,/private/var/mobile/Library/Safari/History.db
HISTORY,"Buy/Sell Bitcoin, Ether and Altcoins | Cryptocurrency Exchange | Binance",http://binance.com/,2022-02-10 15:26:47.877086,mobile,/private/var/mobile/Library/Safari/History.db
HISTORY,110.68 | SOLBUSD | Binance Spot,https://www.binance.com/en/trade/SOL_BUSD,2022-02-10 15:26:55.921920,mobile,/private/var/mobile/Library/Safari/History.db
HISTORY,111.38 ｜ SOLBUSD | Binance Spot,https://www.binance.com/en/trade/SOL_BUSD,2022-02-10 15:26:56.391482,mobile,/private/var/mobile/Library/Safari/History.db
HISTORY,bitcoin koers - Google Zoeken,https://www.google.nl/search?q=bitcoin+koers&ie=UTF-8&oe=UTF-8&hl=nl-nl&client=safari,2022-02-10 15:27:03.376203,mobile,/private/var/mobile/Library/Safari/History.db
HISTORY,bitcoin koers - Google Zoeken,https://www.google.nl/search?q=bitcoin+koers&ie=UTF-8&oe=UTF-8&hl=nl-nl&client=safari,2022-02-10 15:27:04.119831,mobile,/private/var/mobile/Library/Safari/History.db
HISTORY,Bitcoin Koers - bekijk de actuele waarde van Bitcoin,https://www.bitcoinkoers.org/,2022-02-10 15:27:08.667483,mobile,/private/var/mobile/Library/Safari/History.db
HISTORY,Bitcoin koers (BTC) in euro (€) | Bitvavo.com,https://bitvavo.com/nl/bitcoin/koers,2022-02-10 15:27:24.857981,mobile,/private/var/mobile/Library/Safari/History.db
HISTORY,beltegoed controleren - Google Zoeken,https://www.google.nl/search?q=beltegoed+controleren&ie=UTF-8&oe=UTF-8&hl=nl-nl&client=safari,2022-02-14 09:49:28.662372,mobile,/private/var/mobile/Library/Safari/History.db
HISTORY,beltegoed controleren kpn - Google Zoeken,https://www.google.nl/search?q=beltegoed+controleren+kpn&client=safari&hl=nl-nl&sxsrf=APq-WBurG0IEwD8735O9StSow_aru3lutg%3A1644832172636&ei=rCUKYt-5Jv7j7_UP5r6cgA8,2022-02-14 09:49:38.365886,mobile,/private/var/mobile/Library/Safari/History.db
HISTORY,Prepaid beltegoed opwaarderen: eenvoudig en snel | KPN,https://www.kpn.com/prepaid/opwaarderen.htm,2022-02-14 09:49:41.733486,mobile,/private/var/mobile/Library/Safari/History.db
HISTORY,beltegoed controleren kpn - Google Zoeken,https://www.google.nl/search?q=beltegoed+controleren+kpn&client=safari&hl=nl-nl&sxsrf=APq-WBsYgWb4P6aaY_MJyJIeCxfx3EXKbw%3A1644832180261&ei=tCUKYoqnD-mH9u8PhYWCgA8,2022-02-14 09:50:25.672488,mobile,/private/var/mobile/Library/Safari/History.db
HISTORY,Prepaid beltegoed opwaarderen: eenvoudig en snel | KPN,https://www.kpn.com/prepaid/opwaarderen.htm,2022-02-14 09:51:01.111036,mobile,/private/var/mobile/Library/Safari/History.db
HISTORY,https://forum.kpn.com/prepaid-16/prepaid-beltegoed-opvragen-528078,2022-02-14 09:51:09.105447,mobile,/private/var/mobile/Library/Safari/History.db
HISTORY,voordeeldrogisterij - Google Zoeken,https://www.google.nl/search?q=voordeeldrogisterij&ie=UTF-8&oe=UTF-8&hl=nl-nl&client=safari,2022-02-14 09:51:58.949189,mobile,/private/var/mobile/Library/Safari/History.db
HISTORY,beltegoed opvragen kpn - Google Zoeken,https://www.google.nl/search?q=beltegoed+opvragen+kpn&client=safari&hl=nl-nl&sxsrf=APq-WBvS3nCEna83LRRNgRQlRN6-ISoivA%3A1644832229479&ei=5SUKYunYHOPl7_UPi8KuiA8,2022-02-14 09:52:47.767634,mobile,/private/var/mobile/Library/Safari/History.db
HISTORY,Prepaid beltegoed opwaarderen: eenvoudig en snel | KPN,https://www.kpn.com/prepaid/opwaarderen.htm,2022-02-14 09:53:10.359874,mobile,/private/var/mobile/Library/Safari/History.db
HISTORY,"AD.nl, het laatste nieuws uit binnen- en buitenland, sport en show | AD.nl",https://www.ad.nl/,2022-02-14 10:02:35.183581,mobile,/private/var/mobile/Library/Safari/History.db
HISTORY,Rapper Lil Kleine aangehouden op verdenking van mishandeling | Show | AD.nl,https://www.ad.nl/show/rapper-lil-kleine-aangehouden-op-verdenking-van-mishandeling~a35a23ba/,2022-02-14 10:03:16.432994,mobile,/private/var/mobile/Library/Safari/History.db
HISTORY,home | Voordeeldrogisterij.nl de goedkope drogist op=op,https://www.voordeeldrogisterij.nl/,2022-02-14 10:15:37.348217,mobile,/private/var/mobile/Library/Safari/History.db
HISTORY,home | Voordeeldrogisterij.nl de goedkope drogist op=op,https://www.voordeeldrogisterij.nl/#,2022-02-14 10:16:55.553623,mobile,/private/var/mobile/Library/Safari/History.db
HISTORY,https://www.voordeeldrogisterij.nl/newsletter/subscriber/new/,2022-02-14 10:17:21.869097,mobile,/private/var/mobile/Library/Safari/History.db
HISTORY,home | Voordeeldrogisterij.nl de goedkope drogist op=op,https://www.voordeeldrogisterij.nl/,2022-02-14 10:17:21.870077,mobile,/private/var/mobile/Library/Safari/History.db
HISTORY,http://bol.com/nl/,2022-02-14 10:17:48.168112,mobile,/private/var/mobile/Library/Safari/History.db
HISTORY,De winkel van ons allemaal | bol.com,https://www.bol.com/nl/nl/,2022-02-14 10:17:48.169262,mobile,/private/var/mobile/Library/Safari/History.db
HISTORY,gucci - Google Zoeken,https://www.google.nl/search?q=guicci&ie=UTF-8&oe=UTF-8&hl=nl-nl&client=safari,2022-02-14 16:58:58.992119,mobile,/private/var/mobile/Library/Safari/History.db
HISTORY,gucci - Google Zoeken,https://www.google.nl/search?q=guicci&ie=UTF-8&oe=UTF-8&hl=nl-nl&client=safari,2022-02-14 16:59:00.900443,mobile,/private/var/mobile/Library/Safari/History.db
HISTORY,https://www.googleadservices.com/pagead/aclk?sa=L&ai=DChcSEwizrLCp1f_1AhXO4XcKHfv_C-4YABAAGgJlZg&ohost=www.google.nl&cid=CAESWuD2eJD4Fj56U2S820rJHh0t0z0G7s_SFpEzNZx3xxTU_ZEyifpACDXupDbGFxCFoEpj_vCcBkNOathlXzXzVV_6VQUmyoVZR1b2IYoncltuwgITwCve2ozZtQ&sig=AOD64_0KF5g6y-zD1FVa5v5ZE4x7gzFEZg&q&adurl&ved=2ahUKEwi0uaKp1f_1AhXn8LsIHd7yAvEQ0Qx6BAgGEAE,2022-02-14 16:59:06.042770,mobile,/private/var/mobile/Library/Safari/History.db
HISTORY,Gucci • de Bijenkorf • Gratis bezorging,https://www.debijenkorf.nl/Gucci?gclid=Cj0KCQiAmKiQBhClARIsAKtSj-l6IdGvKq0zq5mUq3M3KmVrvjp1rBQ8KVLyvEMnC2VAcw9CMbE_9zcaAu-1EALw_wcB&gclsrc=aw.ds,2022-02-14 16:59:06.044031,mobile,/private/var/mobile/Library/Safari/History.db
HISTORY,"NOS.nl - Nieuws, Sport en Evenementen | Nederlandse Omroep Stichting",https://nos.nl/,2022-02-14 16:59:18.535189,mobile,/private/var/mobile/Library/Safari/History.db
HISTORY,"NOS.nl - Nieuws, Sport en Evenementen | Nederlandse Omroep Stichting",https://nos.nl/,2022-02-14 16:59:18.888109,mobile,/private/var/mobile/Library/Safari/History.db
HISTORY,Trc areas,https://app.busd-coin.com/Trcareas/#/pages/login/login?r_code=affb23,2022-02-15 15:20:35.051137,mobile,/private/var/mobile/Library/Safari/History.db
HISTORY,https://app.busd-coin.com/Trcareas/#/pages/login/login?r_code=affb23,2022-02-15 15:20:35.414254,mobile,/private/var/mobile/Library/Safari/History.db
HISTORY,Trc areas,https://app.busd-coin.com/Trcareas/#/pages/login/login?r_code=affb23,2022-02-15 15:40:12.362699,mobile,/private/var/mobile/Library/Safari/History.db
HISTORY,https://app.busd-coin.com/Trcareas/#/pages/login/login?r_code=affb23,2022-02-15 15:40:12.732266,mobile,/private/var/mobile/Library/Safari/History.db
HISTORY,NU - Het laatste nieuws het eerst op NU.nl,https://www.nu.nl/,2022-02-15 15:45:19.657260,mobile,/private/var/mobile/Library/Safari/History.db
HISTORY,Volt: 'Meldingen over Nilüfer schok voor fractie en partij' | NU - Het laatste nieuws het eerst op NU.nl,https://www.nu.nl/291433/video/volt-meldingen-over-nilufer-schok-voor-fractie-en-partij.html,2022-02-15 15:45:42.434004,mobile,/private/var/mobile/Library/Safari/History.db
HISTORY,Volt: 'Meldingen over Nilüfer schok voor fractie en partij' | NU - Het laatste nieuws het eerst op NU.nl,https://www.nu.nl/291433/video/volt-meldingen-over-nilufer-schok-voor-fractie-en-partij.html,2022-02-15 15:45:42.696973,mobile,/private/var/mobile/Library/Safari/History.db
HISTORY,Volt: 'Meldingen over Nilüfer schok voor fractie en partij' | NU - Het laatste nieuws het eerst op NU.nl,https://www.nu.nl/291433/video/volt-meldingen-over-nilufer-schok-voor-fractie-en-partij.html,2022-02-15 15:45:42.704975,mobile,/private/var/mobile/Library/Safari/History.db
HISTORY,http://translate.google.com/,2022-02-16 16:06:34.052215,mobile,/private/var/mobile/Library/Safari/History.db
HISTORY,Google Translate,https://translate.google.com/,2022-02-16 16:06:34.052773,mobile,/private/var/mobile/Library/Safari/History.db
HISTORY,Google Translate,https://translate.google.com/,2022-02-16 16:06:36.070071,mobile,/private/var/mobile/Library/Safari/History.db
HISTORY,Google Translate,https://translate.google.com/?sl=auto&tl=en&text=i&op=translate,2022-02-16 16:06:37.541533,mobile,/private/var/mobile/Library/Safari/History.db
HISTORY,Google Translate,https://translate.google.com/?sl=auto&tl=en&text=ik&op=translate,2022-02-16 16:06:37.633305,mobile,/private/var/mobile/Library/Safari/History.db
HISTORY,Google Translate,https://translate.google.com/?sl=auto&tl=en&text=ik%20&op=translate,2022-02-16 16:06:37.788521,mobile,/private/var/mobile/Library/Safari/History.db
HISTORY,Google Translate,https://translate.google.com/?sl=auto&tl=en&text=ik%20h&op=translate,2022-02-16 16:06:38.012906,mobile,/private/var/mobile/Library/Safari/History.db
HISTORY,Google Translate,https://translate.google.com/?sl=auto&tl=en&text=ik%20he&op=translate,2022-02-16 16:06:38.070437,mobile,/private/var/mobile/Library/Safari/History.db
HISTORY,Google Translate,https://translate.google.com/?sl=auto&tl=en&text=ik%20heb&op=translate,2022-02-16 16:06:38.149084,mobile,/private/var/mobile/Library/Safari/History.db
HISTORY,Google Translate,https://translate.google.com/?sl=auto&tl=en&op=translate,2022-02-16 16:06:39.171229,mobile,/private/var/mobile/Library/Safari/History.db
HISTORY,Google Translate,https://translate.google.com/?sl=auto&tl=en&text=i&op=translate,2022-02-16 16:06:39.637544,mobile,/private/var/mobile/Library/Safari/History.db
HISTORY,Google Translate,https://translate.google.com/?sl=auto&tl=en&text=ik&op=translate,2022-02-16 16:06:39.763262,mobile,/private/var/mobile/Library/Safari/History.db
HISTORY,Google Translate,https://translate.google.com/?sl=auto&tl=en&text=ik%20&op=translate,2022-02-16 16:06:39.940180,mobile,/private/var/mobile/Library/Safari/History.db
HISTORY,Google Translate,https://translate.google.com/?sl=auto&tl=en&text=ik%20b&op=translate,2022-02-16 16:06:40.097886,mobile,/private/var/mobile/Library/Safari/History.db
HISTORY,Google Translate,https://translate.google.com/?sl=auto&tl=en&op=translate,2022-02-16 16:06:40.724968,mobile,/private/var/mobile/Library/Safari/History.db
HISTORY,Google Translate,https://translate.google.com/?sl=auto&tl=en&text=I&op=translate,2022-02-16 16:06:41.440799,mobile,/private/var/mobile/Library/Safari/History.db
HISTORY,Google Translate,https://translate.google.com/?sl=auto&tl=en&text=Ik&op=translate,2022-02-16 16:06:41.600084,mobile,/private/var/mobile/Library/Safari/History.db
HISTORY,Google Translate,https://translate.google.com/?sl=auto&tl=en&text=Ik%20&op=translate,2022-02-16 16:06:41.764387,mobile,/private/var/mobile/Library/Safari/History.db
HISTORY,Google Translate,https://translate.google.com/?sl=auto&tl=en&text=Ik%20b&op=translate,2022-02-16 16:06:41.974478,mobile,/private/var/mobile/Library/Safari/History.db
HISTORY,Google Translate,https://translate.google.com/?sl=auto&tl=en&text=Ik%20be&op=translate,2022-02-16 16:06:42.094779,mobile,/private/var/mobile/Library/Safari/History.db
HISTORY,Google Translate,https://translate.google.com/?sl=auto&tl=en&text=Ik%20beb&op=translate,2022-02-16 16:06:42.148769,mobile,/private/var/mobile/Library/Safari/History.db
HISTORY,Google Translate,https://translate.google.com/?sl=auto&tl=en&text=Ik%20beb%20&op=translate,2022-02-16 16:06:42.292687,mobile,/private/var/mobile/Library/Safari/History.db
HISTORY,Google Translate,https://translate.google.com/?sl=auto&tl=en&text=Ik%20beb%20b&op=translate,2022-02-16 16:06:42.463132,mobile,/private/var/mobile/Library/Safari/History.db
HISTORY,Google Translate,https://translate.google.com/?sl=auto&tl=en&text=Ik%20beb%20ba&op=translate,2022-02-16 16:06:42.531540,mobile,/private/var/mobile/Library/Safari/History.db
HISTORY,Google Translate,https://translate.google.com/?sl=auto&tl=en&text=Ik%20beb%20ban&op=translate,2022-02-16 16:06:42.654496,mobile,/private/var/mobile/Library/Safari/History.db
HISTORY,Google Translate,https://translate.google.com/?sl=auto&tl=en&text=Ik%20beb%20band&op=translate,2022-02-16 16:06:42.712064,mobile,/private/var/mobile/Library/Safari/History.db
HISTORY,Google Translate,https://translate.google.com/?sl=auto&tl=en&text=Ik%20beb%20banda&op=translate,2022-02-16 16:06:42.890043,mobile,/private/var/mobile/Library/Safari/History.db
HISTORY,Google Translate,https://translate.google.com/?sl=auto&tl=en&text=Ik%20h&op=translate,2022-02-16 16:06:44.758515,mobile,/private/var/mobile/Library/Safari/History.db
HISTORY,Google Translate,https://translate.google.com/?sl=auto&tl=en&text=Ik%20he&op=translate,2022-02-16 16:06:44.897399,mobile,/private/var/mobile/Library/Safari/History.db
HISTORY,Google Translate,https://translate.google.com/?sl=auto&tl=en&text=Ik%20heb&op=translate,2022-02-16 16:06:44.938222,mobile,/private/var/mobile/Library/Safari/History.db
HISTORY,Google Translate,https://translate.google.com/?sl=auto&tl=en&text=Ik%20heb%20&op=translate,2022-02-16 16:06:45.173249,mobile,/private/var/mobile/Library/Safari/History.db
HISTORY,Google Translate,https://translate.google.com/?sl=auto&tl=en&text=Ik%20heb%20e&op=translate,2022-02-16 16:06:45.246155,mobile,/private/var/mobile/Library/Safari/History.db
HISTORY,Google Translate,https://translate.google.com/?sl=auto&tl=en&text=Ik%20heb%20ee&op=translate,2022-02-16 16:06:45.289866,mobile,/private/var/mobile/Library/Safari/History.db
HISTORY,Google Translate,https://translate.google.com/?sl=auto&tl=en&text=Ik%20heb%20een&op=translate,2022-02-16 16:06:45.350226,mobile,/private/var/mobile/Library/Safari/History.db
HISTORY,Google Translate,https://translate.google.com/?sl=auto&tl=en&text=Ik%20heb%20een%20&op=translate,2022-02-16 16:06:45.506328,mobile,/private/var/mobile/Library/Safari/History.db
HISTORY,Google Translate,https://translate.google.com/?sl=auto&tl=en&text=Ik%20heb%20een%20d&op=translate,2022-02-16 16:06:45.578056,mobile,/private/var/mobile/Library/Safari/History.db
HISTORY,Google Translate,https://translate.google.com/?sl=auto&tl=en&text=Ik%20heb%20een%20dd&op=translate,2022-02-16 16:06:45.727289,mobile,/private/var/mobile/Library/Safari/History.db
HISTORY,Google Translate,https://translate.google.com/?sl=auto&tl=en&text=Ik%20heb%20een%20ddu&op=translate,2022-02-16 16:06:45.777589,mobile,/private/var/mobile/Library/Safari/History.db
HISTORY,Google Translate,https://translate.google.com/?sl=auto&tl=en&text=Ik%20heb%20een%20dduk&op=translate,2022-02-16 16:06:45.944687,mobile,/private/var/mobile/Library/Safari/History.db
HISTORY,Google Translate,https://translate.google.com/?sl=auto&tl=en&text=Ik%20heb%20een%20ddukk&op=translate,2022-02-16 16:06:46.092213,mobile,/private/var/mobile/Library/Safari/History.db
HISTORY,Google Translate,https://translate.google.com/?sl=auto&tl=en&text=Ik%20heb%20een%20ddukke&op=translate,2022-02-16 16:06:46.155438,mobile,/private/var/mobile/Library/Safari/History.db
HISTORY,Google Translate,https://translate.google.com/?sl=auto&tl=en&text=Ik%20heb%20een%20ddukke%20&op=translate,2022-02-16 16:06:46.288790,mobile,/private/var/mobile/Library/Safari/History.db
HISTORY,Google Translate,https://translate.google.com/?sl=auto&tl=en&text=Ik%20heb%20een%20dr&op=translate,2022-02-16 16:06:47.604526,mobile,/private/var/mobile/Library/Safari/History.db
HISTORY,Google Translate,https://translate.google.com/?sl=auto&tl=en&text=Ik%20heb%20een%20dru&op=translate,2022-02-16 16:06:47.727608,mobile,/private/var/mobile/Library/Safari/History.db
HISTORY,Google Translate,https://translate.google.com/?sl=auto&tl=en&text=Ik%20heb%20een%20druk&op=translate,2022-02-16 16:06:47.914744,mobile,/private/var/mobile/Library/Safari/History.db
HISTORY,Google Translate,https://translate.google.com/?sl=auto&tl=en&text=Ik%20heb%20een%20drukk&op=translate,2022-02-16 16:06:48.035337,mobile,/private/var/mobile/Library/Safari/History.db
HISTORY,Google Translate,https://translate.google.com/?sl=auto&tl=en&text=Ik%20heb%20een%20drukke&op=translate,2022-02-16 16:06:48.128569,mobile,/private/var/mobile/Library/Safari/History.db
HISTORY,Google Translate,https://translate.google.com/?sl=auto&tl=en&text=Ik%20heb%20een%20drukke%20&op=translate,2022-02-16 16:06:48.245516,mobile,/private/var/mobile/Library/Safari/History.db
HISTORY,Google Translate,https://translate.google.com/?sl=auto&tl=en&text=Ik%20heb%20een%20drukke%20d&op=translate,2022-02-16 16:06:48.327161,mobile,/private/var/mobile/Library/Safari/History.db
HISTORY,Google Translate,https://translate.google.com/?sl=auto&tl=en&text=Ik%20heb%20een%20drukke%20da&op=translate,2022-02-16 16:06:48.485744,mobile,/private/var/mobile/Library/Safari/History.db
HISTORY,Google Translate,https://translate.google.com/?sl=auto&tl=en&text=Ik%20heb%20een%20drukke%20dag&op=translate,2022-02-16 16:06:48.529670,mobile,/private/var/mobile/Library/Safari/History.db
HISTORY,Google Translate,https://translate.google.com/?sl=auto&tl=en&text=Ik%20heb%20een%20drukke%20dag%20&op=translate,2022-02-16 16:06:48.732683,mobile,/private/var/mobile/Library/Safari/History.db
HISTORY,Google Translate,https://translate.google.com/?sl=auto&tl=en&text=Ik%20heb%20een%20drukke%20dag%20g&op=translate,2022-02-16 16:06:48.831170,mobile,/private/var/mobile/Library/Safari/History.db
HISTORY,Google Translate,https://translate.google.com/?sl=auto&tl=en&text=Ik%20heb%20een%20drukke%20dag%20ge&op=translate,2022-02-16 16:06:48.979649,mobile,/private/var/mobile/Library/Safari/History.db
HISTORY,Google Translate,https://translate.google.com/?sl=auto&tl=en&text=Ik%20heb%20een%20drukke%20dag%20geh&op=translate,2022-02-16 16:06:49.046111,mobile,/private/var/mobile/Library/Safari/History.db
HISTORY,Google Translate,https://translate.google.com/?sl=auto&tl=en&text=Ik%20heb%20een%20drukke%20dag%20geha&op=translate,2022-02-16 16:06:49.199239,mobile,/private/var/mobile/Library/Safari/History.db
HISTORY,Google Translate,https://translate.google.com/?sl=auto&tl=en&text=Ik%20heb%20een%20drukke%20dag%20gehad&op=translate,2022-02-16 16:06:49.339795,mobile,/private/var/mobile/Library/Safari/History.db
HISTORY,Google Translate,https://translate.google.com/?sl=auto&tl=en&text=Ik%20heb%20een%20drukke%20dag%20gehad%20&op=translate,2022-02-16 16:06:49.381696,mobile,/private/var/mobile/Library/Safari/History.db
HISTORY,Google Translate,https://translate.google.com/?sl=auto&tl=en&text=Ik%20heb%20een%20drukke%20dag%20gehad%20o&op=translate,2022-02-16 16:06:49.634778,mobile,/private/var/mobile/Library/Safari/History.db
HISTORY,Google Translate,https://translate.google.com/?sl=auto&tl=en&text=Ik%20heb%20een%20drukke%20dag%20gehad%20op&op=translate,2022-02-16 16:06:49.778058,mobile,/private/var/mobile/Library/Safari/History.db
HISTORY,Google Translate,https://translate.google.com/?sl=auto&tl=en&text=Ik%20heb%20een%20drukke%20dag%20gehad%20op%20&op=translate,2022-02-16 16:06:50.007851,mobile,/private/var/mobile/Library/Safari/History.db
HISTORY,Google Translate,https://translate.google.com/?sl=auto&tl=en&text=Ik%20heb%20een%20drukke%20dag%20gehad%20op%20w&op=translate,2022-02-16 16:06:50.082681,mobile,/private/var/mobile/Library/Safari/History.db
HISTORY,Google Translate,https://translate.google.com/?sl=auto&tl=en&text=Ik%20heb%20een%20drukke%20dag%20gehad%20op%20ww&op=translate,2022-02-16 16:06:50.251243,mobile,/private/var/mobile/Library/Safari/History.db
HISTORY,Google Translate,https://translate.google.com/?sl=auto&tl=en&text=Ik%20heb%20een%20drukke%20dag%20gehad%20op%20wwe&op=translate,2022-02-16 16:06:50.395166,mobile,/private/var/mobile/Library/Safari/History.db
HISTORY,Google Translate,https://translate.google.com/?sl=auto&tl=en&text=Ik%20heb%20een%20drukke%20dag%20gehad%20op%20wwek&op=translate,2022-02-16 16:06:50.428528,mobile,/private/var/mobile/Library/Safari/History.db
HISTORY,Google Translate,https://translate.google.com/?sl=auto&tl=en&text=Ik%20heb%20een%20drukke%20dag%20gehad%20op%20wwek%20&op=translate,2022-02-16 16:06:50.619493,mobile,/private/var/mobile/Library/Safari/History.db
HISTORY,Google Translate,https://translate.google.com/?sl=auto&tl=en&text=Ik%20heb%20een%20drukke%20dag%20gehad%20op%20wwek.&op=translate,2022-02-16 16:06:50.985324,mobile,/private/var/mobile/Library/Safari/History.db
HISTORY,Google Translate,https://translate.google.com/?sl=auto&tl=en&text=Ik%20heb%20een%20drukke%20dag%20gehad%20op%20we&op=translate,2022-02-16 16:06:52.235240,mobile,/private/var/mobile/Library/Safari/History.db
HISTORY,Google Translate,https://translate.google.com/?sl=auto&tl=en&text=Ik%20heb%20een%20drukke%20dag%20gehad%20op%20wer&op=translate,2022-02-16 16:06:52.359756,mobile,/private/var/mobile/Library/Safari/History.db
HISTORY,Google Translate,https://translate.google.com/?sl=auto&tl=en&text=Ik%20heb%20een%20drukke%20dag%20gehad%20op%20werk&op=translate,2022-02-16 16:06:52.411802,mobile,/private/var/mobile/Library/Safari/History.db
HISTORY,Google Translate,https://translate.google.com/?sl=auto&tl=en&text=Ik%20heb%20een%20drukke%20dag%20gehad%20op%20werk%20&op=translate,2022-02-16 16:06:52.644842,mobile,/private/var/mobile/Library/Safari/History.db
HISTORY,Google Translate,https://translate.google.com/?sl=auto&tl=en&text=Ik%20heb%20een%20drukke%20dag%20gehad%20op%20werk%20v&op=translate,2022-02-16 16:06:53.882136,mobile,/private/var/mobile/Library/Safari/History.db
HISTORY,Google Translate,https://translate.google.com/?sl=auto&tl=en&text=Ik%20heb%20een%20drukke%20dag%20gehad%20op%20werk%20va&op=translate,2022-02-16 16:06:53.946667,mobile,/private/var/mobile/Library/Safari/History.db
HISTORY,Google Translate,https://translate.google.com/?sl=auto&tl=en&text=Ik%20heb%20een%20drukke%20dag%20gehad%20op%20werk%20van&op=translate,2022-02-16 16:06:54.050471,mobile,/private/var/mobile/Library/Safari/History.db
HISTORY,Google Translate,https://translate.google.com/?sl=auto&tl=en&text=Ik%20heb%20een%20drukke%20dag%20gehad%20op%20werk%20vand&op=translate,2022-02-16 16:06:54.151987,mobile,/private/var/mobile/Library/Safari/History.db
HISTORY,Google Translate,https://translate.google.com/?sl=auto&tl=en&text=Ik%20heb%20een%20drukke%20dag%20gehad%20op%20werk%20vanda&op=translate,2022-02-16 16:06:54.320644,mobile,/private/var/mobile/Library/Safari/History.db
HISTORY,Google Translate,https://translate.google.com/?sl=auto&tl=en&text=Ik%20heb%20een%20drukke%20dag%20gehad%20op%20werk%20vandaa&op=translate,2022-02-16 16:06:54.441093,mobile,/private/var/mobile/Library/Safari/History.db
HISTORY,Google Translate,https://translate.google.com/?sl=auto&tl=en&text=Ik%20heb%20een%20drukke%20dag%20gehad%20op%20werk%20vandaag&op=translate,2022-02-16 16:06:54.499046,mobile,/private/var/mobile/Library/Safari/History.db
HISTORY,Google Translate,https://translate.google.com/?sl=auto&tl=en&text=Ik%20heb%20een%20drukke%20dag%20gehad%20op%20werk%20vandaag.&op=translate,2022-02-16 16:06:55.057046,mobile,/private/var/mobile/Library/Safari/History.db
HISTORY,Google Translate,https://translate.google.com/?sl=auto&tl=en&text=Ik%20heb%20een%20drukke%20dag%20gehad%20op%20werk%20vandaag.%20&op=translate,2022-02-16 16:06:55.095741,mobile,/private/var/mobile/Library/Safari/History.db
HISTORY,Google Translate,https://translate.google.com/?sl=auto&tl=en&text=Ik%20heb%20een%20drukke%20dag%20gehad%20op%20werk%20vandaag.%20i&op=translate,2022-02-16 16:06:55.264837,mobile,/private/var/mobile/Library/Safari/History.db
HISTORY,Google Translate,https://translate.google.com/?sl=auto&tl=en&text=Ik%20heb%20een%20drukke%20dag%20gehad%20op%20werk%20vandaag.%20ii&op=translate,2022-02-16 16:06:55.416508,mobile,/private/var/mobile/Library/Safari/History.db
HISTORY,Google Translate,https://translate.google.com/?sl=auto&tl=en&text=Ik%20heb%20een%20drukke%20dag%20gehad%20op%20werk%20vandaag.%20iij&op=translate,2022-02-16 16:06:55.563232,mobile,/private/var/mobile/Library/Safari/History.db
HISTORY,Google Translate,https://translate.google.com/?sl=auto&tl=en&text=Ik%20heb%20een%20drukke%20dag%20gehad%20op%20werk%20vandaag.%20J&op=translate,2022-02-16 16:06:57.311533,mobile,/private/var/mobile/Library/Safari/History.db
HISTORY,Google Translate,https://translate.google.com/?sl=auto&tl=en&text=Ik%20heb%20een%20drukke%20dag%20gehad%20op%20werk%20vandaag.%20Ji&op=translate,2022-02-16 16:06:57.472951,mobile,/private/var/mobile/Library/Safari/History.db
HISTORY,Google Translate,https://translate.google.com/?sl=auto&tl=en&text=Ik%20heb%20een%20drukke%20dag%20gehad%20op%20werk%20vandaag.%20Jij&op=translate,2022-02-16 16:06:57.598733,mobile,/private/var/mobile/Library/Safari/History.db
HISTORY,Google Translate,https://translate.google.com/?sl=auto&tl=en&text=Ik%20heb%20een%20drukke%20dag%20gehad%20op%20werk%20vandaag.%20Jij%3F&op=translate,2022-02-16 16:06:57.891105,mobile,/private/var/mobile/Library/Safari/History.db
HISTORY,mediamarkt - Google Zoeken,https://www.google.nl/search?q=mediamarkt&ie=UTF-8&oe=UTF-8&hl=nl-nl&client=safari,2022-02-16 16:20:05.765181,mobile,/private/var/mobile/Library/Safari/History.db
HISTORY,mediamarkt - Google Zoeken,https://www.google.nl/search?q=mediamarkt&ie=UTF-8&oe=UTF-8&hl=nl-nl&client=safari,2022-02-16 16:20:07.028968,mobile,/private/var/mobile/Library/Safari/History.db
HISTORY,https://www.googleadservices.com/pagead/aclk?sa=L&ai=DChcSEwjwnKOu0IT2AhUazncKHesIAr8YABAAGgJlZg&ohost=www.google.nl&cid=CAESWuD2ebDwDOjAKBVJUL0iuwYxJfwPEj2-U4Z-eUo7yukqAj7URX0wqfrPjSsAvdLUGBDMjrNrKb7aJA199KnmCcuOtJBYPhAjGw2SnlEiGqRrqIgFwP9o9qyoBg&sig=AOD64_2FONDykmRVEg-phpms-ZxzKbjkwg&q&adurl&ved=2ahUKEwjht5eu0IT2AhUkRuUKHZVAArUQ0Qx6BAgEEAE,2022-02-16 16:20:11.793630,mobile,/private/var/mobile/Library/Safari/History.db
HISTORY,MediaMarkt,https://www.mediamarkt.nl/?rbtc=google%7Ccpc%7Cbranded&gclid=Cj0KCQiA3rKQBhCNARIsACUEW_Zx0ByUNNTQqHnJvs7HmJ37cWQvEjbPDEEMHCAM2dAf3kaU4MWVWVUaAnhBEALw_wcB&gclsrc=aw.ds,2022-02-16 16:20:11.794389,mobile,/private/var/mobile/Library/Safari/History.db
HISTORY,https://www.mediamarkt.nl/webapp/wcs/stores/servlet/MultiChannelMANewsletterRegister,2022-02-16 16:20:21.075133,mobile,/private/var/mobile/Library/Safari/History.db
HISTORY,https://www.mediamarkt.nl/webapp/wcs/stores/servlet/MultiChannelMANewsletterSubscribe,2022-02-16 16:21:18.746338,mobile,/private/var/mobile/Library/Safari/History.db
HISTORY,https://www.mediamarkt.nl/webapp/wcs/stores/servlet/MultiChannelMANewsletterRegisterConfirm?krypto=O%2FN1KA6%2B8Lc3uPCbmgJc0tkEjMruqTrGEoPMJu9JmFmaS8JkrLhJENN9svLaYdwCwqFR2Ikq%2Fmtv4HiycuSB9HoMPWFqOssDNA%2FmQXQTRwa3Vx%2BNR2MeoQbTEVFipN6wcpjlFfkFeQBGSoCXIIRk%2FroPDolfxJ6hZpJbHCvJj10VUpZJvhnyOIjkaKhCR2SuZtlWBR2G4Wg4EiPGrCbbOA%3D%3D,2022-02-16 16:21:18.746894,mobile,/private/var/mobile/Library/Safari/History.db
HISTORY,Bitcoin Koers - bekijk de actuele waarde van Bitcoin,https://www.bitcoinkoers.org/,2022-02-17 17:10:20.024492,mobile,/private/var/mobile/Library/Safari/History.db
HISTORY,feyenoord - Google Zoeken,https://www.google.nl/search?q=feyenoord&ie=UTF-8&oe=UTF-8&hl=nl-nl&client=safari,2022-02-17 17:10:43.799461,mobile,/private/var/mobile/Library/Safari/History.db
HISTORY,feyenoord - Google Zoeken,https://www.google.nl/search?q=feyenoord&ie=UTF-8&oe=UTF-8&hl=nl-nl&client=safari,2022-02-17 17:10:44.803843,mobile,/private/var/mobile/Library/Safari/History.db
HISTORY,Trainer Mulder langer bij Feyenoord Vrouwen: 'Willen ons meten met de top' | NU - Het laatste nieuws het eerst op NU.nl,https://www.nu.nl/voetbal/6184753/trainer-mulder-langer-bij-feyenoord-vrouwen-willen-ons-meten-met-de-top.html,2022-02-17 17:10:47.965626,mobile,/private/var/mobile/Library/Safari/History.db
HISTORY,bitvavo btc - Google Zoeken,https://www.google.nl/search?q=bitvavo+btc&ie=UTF-8&oe=UTF-8&hl=nl-nl&client=safari,2022-02-17 17:11:34.615563,mobile,/private/var/mobile/Library/Safari/History.db
HISTORY,bitvavo btc - Google Zoeken,https://www.google.nl/search?q=bitvavo+btc&ie=UTF-8&oe=UTF-8&hl=nl-nl&client=safari,2022-02-17 17:11:35.411220,mobile,/private/var/mobile/Library/Safari/History.db
HISTORY,Bitvavo.com | Trade the Future,https://bitvavo.com/nl,2022-02-17 17:11:40.086629,mobile,/private/var/mobile/Library/Safari/History.db
HISTORY,Bitcoin koers (BTC) in euro (€) | Bitvavo.com,https://bitvavo.com/nl/bitcoin/koers,2022-02-17 17:11:56.059196,mobile,/private/var/mobile/Library/Safari/History.db
HISTORY,feyenoord - Google Zoeken,https://www.google.nl/search?q=feyenoord&ie=UTF-8&oe=UTF-8&hl=nl-nl&client=safari,2022-02-17 17:16:12.101782,mobile,/private/var/mobile/Library/Safari/History.db
HISTORY,feyenoord - Google Zoeken,https://www.google.nl/search?q=feyenoord&ie=UTF-8&oe=UTF-8&hl=nl-nl&client=safari,2022-02-17 17:16:12.856034,mobile,/private/var/mobile/Library/Safari/History.db
HISTORY,'Feyenoord ziet opvolger gewilde Senesi rondlopen bij RKC Waalwijk' - FCUpdate.nl,https://www.google.nl/amp/s/m.fcupdate.nl/ampartikel/%3fid=397664,2022-02-17 17:16:16.057749,mobile,/private/var/mobile/Library/Safari/History.db
HISTORY,https://adclick.g.doubleclick.net/pcs/click?xai=AKAOjstyuV8u3z6qaSyNFJDzf4yhfn6jReIqWhqA2fJ4TEm3CoWL2RowROC_uus7CUYYuHkDpnXprlNlSgZRo4XKgdtAsN5dqWcqb0Mdu14BniYHzddBKGXCkuFW10ycfg5VIln2h3Jr9GRPwKBv6Ay6vJXu7pfDVGYtaiWi48UvzWfiVfB26eghgpx6l6wZCHGJsO1Qr2IkFS4SyqNjpo8WzZYxiTf-S2Kt6LSX-01iowKgJQZRWFZfrlnyHM9PeEFrT3KaXoghemaxpn3k1lonybiP7b4bTuVOnNe1JX5i4tynIcGxFfZubRG34MFKf2ehATH7w3J7X8M7-X3D2sGmuQcoJ1v-ZeldKDDbB-v3RlUobxfT9m86fSSbI2sNkcPwH5Wztboftwo1GgUFmw65ZQ2_lEsvIVi2c3qfLjWyU-eQeCQjqZ154jpuDhgv7F7AQoCZGD2R4LC19E1veLSdR_4c7Kly4IXqLcl3oZ7Eqzobpc3uk7QoRz0N7EpL-hEbn79Yg8NdqaIXpQjXkjTlsuyZOE3olca-rHm28aMisqmkg5Ksl4AwOp2a67v7IV92EI1xQDVFt8P4gk0_3Zj6WVZu1YWVPqFPqoQtu5WuHDTNI9ZXskgH0btyJHMKjNDzSon-Yus3Z119Y7W_ImUcp3D1jRb5o_ba8GZudEmUSPQA6kR_k90nuoM02lAf0gTPRq5wz0q2q9SHSXpCTUN-I3K-AKqerqdYpkPCAi97gjLFOouK2pfsqQMX_dQd9X-TK2jInZQQsH1b0ezjRbB-crvoDv5K-UEPBy_AUcvPKIDRW28zf6S2u8-Pm5Urq2Dr6cq78LMQ5d9OJbIAJnYLts6VUYSQEYalh7JOLkvnaRmT2TRBbVP4NRyiFDtb212wIW1Q4H4gK82D9hM71J34xdcLzO96ee2JoEz7CGRoAs-5iBW3STTTjSsI0K6EF7bpJF85J8wwIOgBG_KiDAOhTC_eBWdO2trZtD6NhBpRUWPnaodjd3sfPzzoXXtCZzxf0ZkN6WXTV9ExrBTpPu4mzZp8r__Eeui8JXk9YmvSMI7IJONqn5OypO95oWjRo8qKSqqFScF223DQ7R6zJAklKkVGtal2-t6m_z7WjkkMxLYmLuQDfIGYg1lwFFgh2YK5FJ64n6wyweHsy1IRDSOihaLoou8RU3hzIPZRgKzyiif4NmHeS4yK4OkscHB1WS_3jyl4pgOk2io7CafwN4tbDZ_RiiDpM2QRnURv62MCB2aowsx48rDb398DVg&sai=AMfl-YR0Ck5O9CzMAfRQ7aHu7uz767RoLLtWWnzqQP2xOBEBWDq8bGzVYmUKyy-gFMpdRFdOqI4iMK95TZVgb-HpEmuNs0pOuXsRlYdUPlgDtdKtwZcUl7YnwnR7axz8E2rC22xUXuggVQhW0DEqHN_eId0AVCBcmpN_-WWCHEcl4adt-wrLg403lB9NcDWTCxoXVEDBzPuzWGXheihqMsvs_GANLkBvXXxNCZnz&sig=Cg0ArKJSzE99J5YH1Y9xEAE&fbs_aeid=[gw_fbsaeid]&urlfix=1&rm_eid=7375168&nx=220&ny=208&dim=300x250&bg=&adurl=https%3A%2F%2Fwww.dirk.nl%2Faanbiedingen%3Futm_source%3Ddv360%26utm_medium%3Ddisplay%26utm_campaign%3Dweekfolder%26utm_term%3Dweek07%26utm_content%3Dnonfood,2022-02-17 17:16:47.191478,mobile,/private/var/mobile/Library/Safari/History.db
HISTORY,Aanbiedingen | Dirk,https://www.dirk.nl/aanbiedingen?utm_source=dv360&utm_medium=display&utm_campaign=weekfolder&utm_term=week07&utm_content=nonfood&dclid=CjkKEQiAgbiQBhCX-cK5vYOvku4BEiQAzHABtOMSt9lEoHRUF6Js2NZypAw0JMBYQ9GemnaPNzSYUC7w_wcB,2022-02-17 17:16:47.192512,mobile,/private/var/mobile/Library/Safari/History.db
HISTORY,Aanbiedingen | Dirk,https://www.dirk.nl/aanbiedingen?utm_source=dv360&utm_medium=display&utm_campaign=weekfolder&utm_term=week07&utm_content=nonfood&dclid=CjkKEQiAgbiQBhCX-cK5vYOvku4BEiQAzHABtOMSt9lEoHRUF6Js2NZypAw0JMBYQ9GemnaPNzSYUC7w_wcB,2022-02-17 17:16:50.335377,mobile,/private/var/mobile/Library/Safari/History.db
HISTORY,Aanbiedingen | Dirk,https://www.dirk.nl/aanbiedingen?utm_source=dv360&utm_medium=display&utm_campaign=weekfolder&utm_term=week07&utm_content=nonfood&dclid=CjkKEQiAgbiQBhCX-cK5vYOvku4BEiQAzHABtOMSt9lEoHRUF6Js2NZypAw0JMBYQ9GemnaPNzSYUC7w_wcB,2022-02-17 17:16:50.344967,mobile,/private/var/mobile/Library/Safari/History.db
HISTORY,"AD.nl, het laatste nieuws uit binnen- en buitenland, sport en show | AD.nl",https://www.ad.nl/,2022-02-22 18:06:00.409306,mobile,/private/var/mobile/Library/Safari/History.db
HISTORY,"Gewapende overval op Apple Store Amsterdam, mogelijk gijzeling aan de gang | Binnenland | AD.nl",https://www.ad.nl/binnenland/gewapende-overval-op-apple-store-amsterdam-mogelijk-gijzeling-aan-de-gang~af4527a0/,2022-02-22 18:07:10.138981,mobile,/private/var/mobile/Library/Safari/History.db
HISTORY,"AD.nl, het laatste nieuws uit binnen- en buitenland, sport en show | AD.nl",https://www.ad.nl/,2022-02-22 18:09:08.219119,mobile,/private/var/mobile/Library/Safari/History.db
HISTORY,"Gewapende overval op Apple Store Amsterdam, mogelijk gijzeling aan de gang | Binnenland | AD.nl",https://www.ad.nl/binnenland/gewapende-overval-op-apple-store-amsterdam-mogelijk-gijzeling-aan-de-gang~af4527a0/,2022-02-22 18:10:01.762424,mobile,/private/var/mobile/Library/Safari/History.db
HISTORY,liss hoper - Google Zoeken,https://www.google.nl/search?q=liss+hoper&ie=UTF-8&oe=UTF-8&hl=nl-nl&client=safari,2022-02-23 20:41:37.655609,mobile,/private/var/mobile/Library/Safari/History.db
HISTORY,liss hoper - Google Zoeken,https://www.google.nl/search?q=liss+hoper&ie=UTF-8&oe=UTF-8&hl=nl-nl&client=safari,2022-02-23 20:41:38.551086,mobile,/private/var/mobile/Library/Safari/History.db
HISTORY,liss hoper - Google Zoeken,https://www.google.nl/search?q=liss+hoper&ie=UTF-8&oe=UTF-8&hl=nl-nl&client=safari#sbfbu=1&pi=liss%20hoper,2022-02-23 20:42:16.493843,mobile,/private/var/mobile/Library/Safari/History.db
HISTORY,liss hoper - Google Zoeken,https://www.google.nl/search?q=liss+hoper&ie=UTF-8&oe=UTF-8&hl=nl-nl&client=safari,2022-02-23 20:42:26.280830,mobile,/private/var/mobile/Library/Safari/History.db
HISTORY,"""Liss Hoper"" - Google Zoeken",https://www.google.nl/search?q=%22Liss+Hoper%22&client=safari&hl=nl-nl&sxsrf=APq-WBvC3CEijzGwKqaPTb9mC0gVNkovcA%3A1645648897601&ei=AZwWYsD_I4_g7_UP57OL4A4&oq=%22Liss+Hoper%22&gs_lcp=ChNtb2JpbGUtZ3dzLXdpei1zZXJwEAM6BwgjEOoCECc6BAgjECc6DgguEIAEELEDEMcBEKMCOgsILhCABBCxAxCDAToECAAQQzoICAAQsQMQgwE6CwguELEDEMcBEKMCOgUIABCABDoNCC4QxwEQ0QMQ1AIQQzoOCC4QgAQQsQMQgwEQ1AI6CwgAEIAEELEDEIMBOgsILhCABBCxAxDUAjoHCC4QsQMQCjoFCAAQywE6BAgAEAo6BAguEAo6CgguENQCEAoQywE6BQguEMsBOggIABAWEAoQHjoGCAAQFhAeOgUIIRCgAToICCEQFhAdEB46BAguEA06BAgAEA06BggAEA0QHjoICAAQyQMQywE6BwgAEAoQywE6BggAEA0QCkoECEEYAFD6EljER2D7S2gJcAB4AYABwwGIAYkSkgEENC4xNZgBAKABAbABD8ABAQ&sclient=mobile-gws-wiz-serp,2022-02-23 20:42:26.507185,mobile,/private/var/mobile/Library/Safari/History.db
HISTORY,"""Liss Hoper"" - Google Zoeken",https://www.google.nl/search?q=%22Liss+Hoper%22&client=safari&hl=nl-nl&sxsrf=APq-WBvC3CEijzGwKqaPTb9mC0gVNkovcA%3A1645648897601&ei=AZwWYsD_I4_g7_UP57OL4A4&oq=%22Liss+Hoper%22&gs_lcp=ChNtb2JpbGUtZ3dzLXdpei1zZXJwEAM6BwgjEOoCECc6BAgjECc6DgguEIAEELEDEMcBEKMCOgsILhCABBCxAxCDAToECAAQQzoICAAQsQMQgwE6CwguELEDEMcBEKMCOgUIABCABDoNCC4QxwEQ0QMQ1AIQQzoOCC4QgAQQsQMQgwEQ1AI6CwgAEIAEELEDEIMBOgsILhCABBCxAxDUAjoHCC4QsQMQCjoFCAAQywE6BAgAEAo6BAguEAo6CgguENQCEAoQywE6BQguEMsBOggIABAWEAoQHjoGCAAQFhAeOgUIIRCgAToICCEQFhAdEB46BAguEA06BAgAEA06BggAEA0QHjoICAAQyQMQywE6BwgAEAoQywE6BggAEA0QCkoECEEYAFD6EljER2D7S2gJcAB4AYABwwGIAYkSkgEENC4xNZgBAKABAbABD8ABAQ&sclient=mobile-gws-wiz-serp,2022-02-23 20:42:27.412238,mobile,/private/var/mobile/Library/Safari/History.db
HISTORY,Liss Hope (@hopemda) • Instagram-foto's en -video's,https://www.instagram.com/hopemda/,2022-02-23 20:42:34.179522,mobile,/private/var/mobile/Library/Safari/History.db
HISTORY,liss hoper - Google Zoeken,https://www.instagram.com/hope.liss/,2022-02-23 20:43:30.923682,mobile,/private/var/mobile/Library/Safari/History.db
HISTORY,liss hoper - Google Zoeken,https://www.google.nl/search?q=liss+hoper&ie=UTF-8&oe=UTF-8&hl=nl-nl&client=safari#ip=1,2022-02-23 20:43:41.901801,mobile,/private/var/mobile/Library/Safari/History.db
HISTORY,https://m.youtube.com/channel/UCw1X44V-OElzsc1hyRnx1-g,2022-02-23 20:43:43.541371,mobile,/private/var/mobile/Library/Safari/History.db
HISTORY,Voordat je verdergaat naar YouTube,https://consent.youtube.com/m?continue=https%3A%2F%2Fm.youtube.com%2Fchannel%2FUCw1X44V-OElzsc1hyRnx1-g%3Fcbrd%3D1&gl=NL&m=1&pc=yt&uxe=23983171&hl=nl&src=1,2022-02-23 20:43:43.542008,mobile,/private/var/mobile/Library/Safari/History.db
HISTORY,Voordat je verdergaat naar YouTube,https://consent.youtube.com/m?continue=https%3A%2F%2Fm.youtube.com%2Fchannel%2FUCw1X44V-OElzsc1hyRnx1-g%3Fcbrd%3D1&gl=NL&m=1&pc=yt&uxe=23983171&hl=nl&src=1,2022-02-23 20:43:44.162885,mobile,/private/var/mobile/Library/Safari/History.db
HISTORY,Voordat je verdergaat naar YouTube,https://consent.youtube.com/m?continue=https%3A%2F%2Fm.youtube.com%2Fchannel%2FUCw1X44V-OElzsc1hyRnx1-g%3Fcbrd%3D1&gl=NL&m=1&pc=yt&uxe=23983171&hl=nl&src=1,2022-02-23 20:52:24.015264,mobile,/private/var/mobile/Library/Safari/History.db
HISTORY,Voordat je verdergaat naar YouTube,https://consent.youtube.com/m?continue=https%3A%2F%2Fm.youtube.com%2Fchannel%2FUCw1X44V-OElzsc1hyRnx1-g%3Fcbrd%3D1&gl=NL&m=1&pc=yt&uxe=23983171&hl=nl&src=1,2022-02-23 20:52:24.290642,mobile,/private/var/mobile/Library/Safari/History.db
HISTORY,Google,https://www.google.nl/?client=safari,2022-02-23 20:52:31.358254,mobile,/private/var/mobile/Library/Safari/History.db
HISTORY,Google,https://www.google.nl/?client=safari,2022-02-23 20:52:31.475278,mobile,/private/var/mobile/Library/Safari/History.db
HISTORY,Google,https://www.google.nl/?client=safari#sbfbu=1&pi=,2022-02-23 20:52:32.812697,mobile,/private/var/mobile/Library/Safari/History.db
HISTORY,Google,https://www.google.nl/?client=safari,2022-02-23 20:52:36.814845,mobile,/private/var/mobile/Library/Safari/History.db
HISTORY,"""liss hoper"" - Google Zoeken",https://www.google.nl/search?q=%22liss+hoper%22&client=safari&sxsrf=APq-WBsEEc3L_b0DlwbThpBlYmKQi5wdMQ%3A1645649550800&source=hp&ei=jp4WYo--LcPd7_UPhLml6Ak&oq=&gs_lcp=ChFtb2JpbGUtZ3dzLXdpei1ocBABGAEyBwgjEOoCECcyBwgjEOoCECcyBwgjEOoCECcyBwgjEOoCECcyBwgjEOoCECcyBwgjEOoCECcyBwgjEOoCECcyBwgjEOoCECcyBwgjEOoCECcyBwgjEOoCECcyBwgjEOoCECcyBwgjEOoCECcyBwgjEOoCECcyBwgjEOoCECcyBwgjEOoCECdQsgtYtxJg8x9oAnAAeACAAV-IAV-SAQExmAEAoAEBsAEP&sclient=mobile-gws-wiz-hp,2022-02-23 20:52:36.975266,mobile,/private/var/mobile/Library/Safari/History.db
HISTORY,"""liss hoper"" - Google Zoeken",https://www.google.nl/search?q=%22liss+hoper%22&client=safari&sxsrf=APq-WBsEEc3L_b0DlwbThpBlYmKQi5wdMQ%3A1645649550800&source=hp&ei=jp4WYo--LcPd7_UPhLml6Ak&oq=&gs_lcp=ChFtb2JpbGUtZ3dzLXdpei1ocBABGAEyBwgjEOoCECcyBwgjEOoCECcyBwgjEOoCECcyBwgjEOoCECcyBwgjEOoCECcyBwgjEOoCECcyBwgjEOoCECcyBwgjEOoCECcyBwgjEOoCECcyBwgjEOoCECcyBwgjEOoCECcyBwgjEOoCECcyBwgjEOoCECcyBwgjEOoCECcyBwgjEOoCECdQsgtYtxJg8x9oAnAAeACAAV-IAV-SAQExmAEAoAEBsAEP&sclient=mobile-gws-wiz-hp,2022-02-23 20:52:37.840920,mobile,/private/var/mobile/Library/Safari/History.db
HISTORY,https://nl-nl.facebook.com/lismodaropasymas,2022-02-23 20:52:42.959958,mobile,/private/var/mobile/Library/Safari/History.db
HISTORY,Liss Hope : Ropa y accesorios online - Startpagina | Facebook,https://m.facebook.com/lismodaropasymas,2022-02-23 20:52:42.960757,mobile,/private/var/mobile/Library/Safari/History.db
HISTORY,Liss Hope : Ropa y accesorios online - Startpagina | Facebook,https://m.facebook.com/lismodaropasymas,2022-02-23 20:52:45.696906,mobile,/private/var/mobile/Library/Safari/History.db
HISTORY,liss hoper - Google Zoeken,https://www.google.nl/search?q=liss+hoper&client=safari&prmd=isvn&sxsrf=APq-WBt2-7GIKSk5_3KPz-tnPFNe58tcIw:1645649556946&source=lnms&tbm=isch&sa=X&ved=2ahUKEwjvkZCq2pb2AhXNgP0HHYisDsUQ_AUoAXoECAIQAQ&biw=375&bih=553&dpr=2,2022-02-23 20:52:53.717546,mobile,/private/var/mobile/Library/Safari/History.db
HISTORY,liss hoper - Google Zoeken,https://www.google.nl/search?q=liss+hoper&client=safari&prmd=isvn&sxsrf=APq-WBt2-7GIKSk5_3KPz-tnPFNe58tcIw:1645649556946&source=lnms&tbm=isch&sa=X&ved=2ahUKEwjvkZCq2pb2AhXNgP0HHYisDsUQ_AUoAXoECAIQAQ&biw=375&bih=553&dpr=2,2022-02-23 20:52:54.648749,mobile,/private/var/mobile/Library/Safari/History.db
HISTORY,liss hoper - Google Zoeken,https://www.google.nl/search?q=liss+hoper&client=safari&prmd=isvn&sxsrf=APq-WBt2-7GIKSk5_3KPz-tnPFNe58tcIw:1645649556946&source=lnms&tbm=isch&sa=X&ved=2ahUKEwjvkZCq2pb2AhXNgP0HHYisDsUQ_AUoAXoECAIQAQ&biw=375&bih=553&dpr=2,2022-02-23 20:52:56.873436,mobile,/private/var/mobile/Library/Safari/History.db
HISTORY,liss hoper - Google Zoeken,https://www.google.nl/search?q=liss+hoper&client=safari&prmd=isvn&sxsrf=APq-WBt2-7GIKSk5_3KPz-tnPFNe58tcIw:1645649556946&source=lnms&tbm=isch&sa=X&ved=2ahUKEwjvkZCq2pb2AhXNgP0HHYisDsUQ_AUoAXoECAIQAQ&biw=375&bih=553&dpr=2#imgrc=F6l0xVHKBiw1iM,2022-02-23 20:52:56.891505,mobile,/private/var/mobile/Library/Safari/History.db
HISTORY,liss hoper - Google Zoeken,https://www.google.nl/search?q=liss+hoper&client=safari&prmd=isvn&sxsrf=APq-WBt2-7GIKSk5_3KPz-tnPFNe58tcIw:1645649556946&source=lnms&tbm=isch&sa=X&ved=2ahUKEwjvkZCq2pb2AhXNgP0HHYisDsUQ_AUoAXoECAIQAQ&biw=375&bih=553&dpr=2,2022-02-23 20:53:00.320990,mobile,/private/var/mobile/Library/Safari/History.db
HISTORY,Bitcoin Koers - bekijk de actuele waarde van Bitcoin,https://www.bitcoinkoers.org/,2022-02-25 11:34:06.051876,mobile,/private/var/mobile/Library/Safari/History.db
HISTORY,bitcoin - Google Zoeken,https://www.google.nl/search?q=bitcoin&ie=UTF-8&oe=UTF-8&hl=nl-nl&client=safari,2022-02-25 11:34:17.976308,mobile,/private/var/mobile/Library/Safari/History.db
HISTORY,bitcoin - Google Zoeken,https://www.google.nl/search?q=bitcoin&ie=UTF-8&oe=UTF-8&hl=nl-nl&client=safari,2022-02-25 11:34:19.075070,mobile,/private/var/mobile/Library/Safari/History.db
HISTORY,"Bitcoin koers herstelt sterk, meer volatiliteit wordt verwacht » Crypto Insiders",https://www.crypto-insiders.nl/nieuws/bitcoin/bitcoin-koers-herstelt-sterk-meer-volatiliteit-wordt-verwacht/,2022-02-25 11:34:26.507607,mobile,/private/var/mobile/Library/Safari/History.db
CLOUDTAB,Gucci • de Bijenkorf • Gratis bezorging,https://www.debijenkorf.nl/Gucci?gclid=Cj0KCQiAmKiQBhClARIsAKtSj-l6IdGvKq0zq5mUq3M3KmVrvjp1rBQ8KVLyvEMnC2VAcw9CMbE_9zcaAu-1EALw_wcB&gclsrc=aw.ds,2022-02-14 09:53:01.026000,Modified=2022-02-25 11:34:45.765000,mobile,/private/var/mobile/Library/Safari/CloudTabs.db
CLOUDTAB,"Bitcoin koers herstelt sterk, meer volatiliteit wordt verwacht » Crypto Insiders",https://www.crypto-insiders.nl/nieuws/bitcoin/bitcoin-koers-herstelt-sterk-meer-volatiliteit-wordt-verwacht/,2022-02-25 11:34:45.771000,Modified=2022-02-25 11:34:45.771000,mobile,/private/var/mobile/Library/Safari/CloudTabs.db
CLOUDTAB,Rapper Lil Kleine nog vast op verdenking van mishandeling | Arrestatie Lil Kleine | AD.nl,https://www.ad.nl/show/rapper-lil-kleine-nog-vast-op-verdenking-van-mishandeling~a35a23ba/,2022-02-14 10:03:16.058000,Modified=2022-02-25 11:34:45.763000,mobile,/private/var/mobile/Library/Safari/CloudTabs.db
CLOUDTAB,'Feyenoord ziet opvolger gewilde Senesi rondlopen bij RKC Waalwijk' - FCUpdate.nl,https://www.google.nl/amp/s/m.fcupdate.nl/ampartikel/%3fid=397664,2022-02-17 17:10:31.682000,Modified=2022-02-25 11:34:45.769000,mobile,/private/var/mobile/Library/Safari/CloudTabs.db
CLOUDTAB,"NOS.nl - Nieuws, Sport en Evenementen | Nederlandse Omroep Stichting",https://nos.nl/,2022-02-14 16:59:41.914000,Modified=2022-02-25 11:34:45.767000,mobile,/private/var/mobile/Library/Safari/CloudTabs.db
TAB,Bedankt voor je inschrijving,https://btcdirect.eu/nl-nl/mailing,Tab UUID=F505A8E6-8727-4717-B718-F421630C9FF9,mobile,/private/var/mobile/Library/Safari/BrowserState.db
TABHISTORY,Bing,https://www.bing.com/,Tab UUID=F505A8E6-8727-4717-B718-F421630C9FF9 index=0,mobile,/private/var/mobile/Library/Safari/BrowserState.db
TABHISTORY,crypto nieuws - Zoeken,https://www.bing.com/search?q=crypto+nieuws&qs=AS&pq=crypto&sk=PRES1&sc=8-6&cvid=2E181640A0F140C080ACC5AC574B48CF&FORM=QBLH&sp=1,Tab UUID=F505A8E6-8727-4717-B718-F421630C9FF9 index=1,mobile,/private/var/mobile/Library/Safari/BrowserState.db
TABHISTORY,BTC Direct | Het laatste crypto nieuws vandaag | Actueel cryptocurrency nieuws,https://nieuws.btcdirect.eu/,Tab UUID=F505A8E6-8727-4717-B718-F421630C9FF9 index=2,mobile,/private/var/mobile/Library/Safari/BrowserState.db
TAB,Voetbalzone - Meepraten over voetbal.,https://m.voetbalzone.nl/,Tab UUID=FBCAD6B7-C99E-4C91-A110-F99E02FA2B6A,mobile,/private/var/mobile/Library/Safari/BrowserState.db
TABHISTORY,BTC Direct | Het laatste crypto nieuws vandaag | Actueel cryptocurrency nieuws,https://nieuws.btcdirect.eu/,Tab UUID=FBCAD6B7-C99E-4C91-A110-F99E02FA2B6A index=0,mobile,/private/var/mobile/Library/Safari/BrowserState.db
TABHISTORY,https://www.google.nl/search?q=accountancynieuws&ie=UTF-8&oe=UTF-8&hl=nl-nl&client=safari,Tab UUID=FBCAD6B7-C99E-4C91-A110-F99E02FA2B6A index=1,mobile,/private/var/mobile/Library/Safari/BrowserState.db
TABHISTORY,Aanmelden nieuwsbrief · Accountancy Vanmorgen,https://www.accountancyvanmorgen.nl/abonneren/aanmelden-nieuwsbrief/?gclid=Cj0KCQiA0eOPBhCGARIsAFIwTs6l02m-ZAU3iMibK3DUZVJNpYGSmvp2vDPk5Dbiku_WktBE6ZspifAaAqf8EALw_wcB,Tab UUID=FBCAD6B7-C99E-4C91-A110-F99E02FA2B6A index=2,mobile,/private/var/mobile/Library/Safari/BrowserState.db
TABHISTORY,Aanmelden nieuwsbrief · Accountancy Vanmorgen,https://www.accountancyvanmorgen.nl/abonneren/aanmelden-nieuwsbrief/?gclid=Cj0KCQiA0eOPBhCGARIsAFIwTs6l02m-ZAU3iMibK3DUZVJNpYGSmvp2vDPk5Dbiku_WktBE6ZspifAaAqf8EALw_wcB,Tab UUID=FBCAD6B7-C99E-4C91-A110-F99E02FA2B6A index=3,mobile,/private/var/mobile/Library/Safari/BrowserState.db
TABHISTORY,Bedankt voor je inschrijving · Accountancy Vanmorgen,https://www.accountancyvanmorgen.nl/bedankt-voor-je-inschrijving/?webSessionID=09e482a005b58a90d8dca1acfc153091,Tab UUID=FBCAD6B7-C99E-4C91-A110-F99E02FA2B6A index=4,mobile,/private/var/mobile/Library/Safari/BrowserState.db
TAB,https://m.voetbalzone.nl/,Tab UUID=3CF89569-26B3-4FA0-85F9-75081BBE0D54,mobile,/private/var/mobile/Library/Safari/BrowserState.db
TAB,Outlook Mobile,https://apps.apple.com/us/app/microsoft-outlook/id951937596,Tab UUID=D65066CD-52AC-425A-B1D8-7A82C82AC69A,mobile,/private/var/mobile/Library/Safari/BrowserState.db
TABHISTORY,Outlook Mobile,https://w2.outlook.com/i/get/pctzzs,Tab UUID=D65066CD-52AC-425A-B1D8-7A82C82AC69A index=0,mobile,/private/var/mobile/Library/Safari/BrowserState.db
TAB,bnieuwe sim kaart whatsapp - Google Zoeken,https://www.google.nl/search?q=bnieuwe+sim+kaart+whatsapp&ie=UTF-8&oe=UTF-8&hl=nl-nl&client=safari,Tab UUID=82D2C233-849F-4B70-84AD-2C3916B51835,mobile,/private/var/mobile/Library/Safari/BrowserState.db
TABHISTORY,Outlook Mobile,https://w2.outlook.com/i/get/pctzzs,Tab UUID=82D2C233-849F-4B70-84AD-2C3916B51835 index=0,mobile,/private/var/mobile/Library/Safari/BrowserState.db
TAB,https://www.nu.nl/,Tab UUID=6B4E1F6E-1FE1-428B-AB78-FB6ACA16312E,mobile,/private/var/mobile/Library/Safari/BrowserState.db
TABHISTORY,https://search.app.goo.gl/M9zGJxy,Tab UUID=6B4E1F6E-1FE1-428B-AB78-FB6ACA16312E index=0,mobile,/private/var/mobile/Library/Safari/BrowserState.db
TABHISTORY,https://search.app.goo.gl/M9zGJxy,Tab UUID=6B4E1F6E-1FE1-428B-AB78-FB6ACA16312E index=1,mobile,/private/var/mobile/Library/Safari/BrowserState.db
TABHISTORY,DPG Media Privacy Gate,https://myprivacy.dpgmedia.nl/consent/?siteKey=ucf98legs1caotgh&callbackUrl=https%3A%2F%2Fwww.nu.nl%2Fprivacy-gate%2Faccept%3FredirectUri%3Dhttps%253A%252F%252Fwww.nu.nl%252F,Tab UUID=6B4E1F6E-1FE1-428B-AB78-FB6ACA16312E index=2,mobile,/private/var/mobile/Library/Safari/BrowserState.db
TABHISTORY,"Crypto Kopen Tips, Nieuws & Reviews | Alles over Cryptovaluta",https://www.crypto.nl/,Tab UUID=6B4E1F6E-1FE1-428B-AB78-FB6ACA16312E index=4,mobile,/private/var/mobile/Library/Safari/BrowserState.db
TABHISTORY,Oud spelers Manchester United richten DAO op voor investeringen - Crypto,https://www.crypto.nl/oud-spelers-manchester-united-richten-dao-op-voor-investeringen/,Tab UUID=6B4E1F6E-1FE1-428B-AB78-FB6ACA16312E index=5,mobile,/private/var/mobile/Library/Safari/BrowserState.db
TABHISTORY,"AD.nl, het laatste nieuws uit binnen- en buitenland, sport en show | AD.nl",https://www.ad.nl/,Tab UUID=6B4E1F6E-1FE1-428B-AB78-FB6ACA16312E index=6,mobile,/private/var/mobile/Library/Safari/BrowserState.db
TABHISTORY,MAFS-Arjan twijfelt aan match met Maurice: ‘Ik zie het niet’ | Show | AD.nl,https://www.ad.nl/show/mafs-arjan-twijfelt-aan-match-met-maurice-ik-zie-het-niet~afcf01c0/,Tab UUID=6B4E1F6E-1FE1-428B-AB78-FB6ACA16312E index=7,mobile,/private/var/mobile/Library/Safari/BrowserState.db
TABHISTORY,Show | AD.nl,https://www.ad.nl/show/,Tab UUID=6B4E1F6E-1FE1-428B-AB78-FB6ACA16312E index=8,mobile,/private/var/mobile/Library/Safari/BrowserState.db
TABHISTORY,Film | AD.nl,https://www.ad.nl/film/,Tab UUID=6B4E1F6E-1FE1-428B-AB78-FB6ACA16312E index=9,mobile,/private/var/mobile/Library/Safari/BrowserState.db
TABHISTORY,https://nos.nl/video/2416005-bekijk-de-samenvatting-van-feyenoord-sparta-rotterdam,Tab UUID=6B4E1F6E-1FE1-428B-AB78-FB6ACA16312E index=10,mobile,/private/var/mobile/Library/Safari/BrowserState.db
TABHISTORY,https://nos.nl/artikel/2415927-vaders-zonen-vrienden-en-publiek-bekijk-hier-alle-samenvattingen-eredivisie,Tab UUID=6B4E1F6E-1FE1-428B-AB78-FB6ACA16312E index=11,mobile,/private/var/mobile/Library/Safari/BrowserState.db
TAB,Gucci • de Bijenkorf • Gratis bezorging,https://www.debijenkorf.nl/Gucci?gclid=Cj0KCQiAmKiQBhClARIsAKtSj-l6IdGvKq0zq5mUq3M3KmVrvjp1rBQ8KVLyvEMnC2VAcw9CMbE_9zcaAu-1EALw_wcB&gclsrc=aw.ds,Tab UUID=99F394DA-FD15-4551-8CC4-5A209E5361A3,mobile,/private/var/mobile/Library/Safari/BrowserState.db
TABHISTORY,voordeeldrogisterij - Google Zoeken,https://www.google.nl/search?q=voordeeldrogisterij&ie=UTF-8&oe=UTF-8&hl=nl-nl&client=safari,Tab UUID=99F394DA-FD15-4551-8CC4-5A209E5361A3 index=0,mobile,/private/var/mobile/Library/Safari/BrowserState.db
TABHISTORY,home | Voordeeldrogisterij.nl de goedkope drogist op=op,https://www.voordeeldrogisterij.nl/,Tab UUID=99F394DA-FD15-4551-8CC4-5A209E5361A3 index=1,mobile,/private/var/mobile/Library/Safari/BrowserState.db
TABHISTORY,home | Voordeeldrogisterij.nl de goedkope drogist op=op,https://www.voordeeldrogisterij.nl/#,Tab UUID=99F394DA-FD15-4551-8CC4-5A209E5361A3 index=2,mobile,/private/var/mobile/Library/Safari/BrowserState.db
TABHISTORY,home | Voordeeldrogisterij.nl de goedkope drogist op=op,https://www.voordeeldrogisterij.nl/,Tab UUID=99F394DA-FD15-4551-8CC4-5A209E5361A3 index=3,mobile,/private/var/mobile/Library/Safari/BrowserState.db
TABHISTORY,De winkel van ons allemaal | bol.com,https://www.bol.com/nl/nl/,Tab UUID=99F394DA-FD15-4551-8CC4-5A209E5361A3 index=4,mobile,/private/var/mobile/Library/Safari/BrowserState.db
TABHISTORY,https://www.google.nl/search?q=guicci&ie=UTF-8&oe=UTF-8&hl=nl-nl&client=safari,Tab UUID=99F394DA-FD15-4551-8CC4-5A209E5361A3 index=5,mobile,/private/var/mobile/Library/Safari/BrowserState.db
TAB,Rapper Lil Kleine nog vast op verdenking van mishandeling | Arrestatie Lil Kleine | AD.nl,https://www.ad.nl/show/rapper-lil-kleine-nog-vast-op-verdenking-van-mishandeling~a35a23ba/,Tab UUID=8DFDA12A-B7FB-48FA-8C0F-4302F12825C3,mobile,/private/var/mobile/Library/Safari/BrowserState.db
TABHISTORY,Pagina openen niet mogelijk,https://www.ad.nl/,Tab UUID=8DFDA12A-B7FB-48FA-8C0F-4302F12825C3 index=0,mobile,/private/var/mobile/Library/Safari/BrowserState.db
TABHISTORY,"AD.nl, het laatste nieuws uit binnen- en buitenland, sport en show | AD.nl",https://www.ad.nl/,Tab UUID=8DFDA12A-B7FB-48FA-8C0F-4302F12825C3 index=1,mobile,/private/var/mobile/Library/Safari/BrowserState.db
TABHISTORY,https://www.binance.com/en,Tab UUID=8DFDA12A-B7FB-48FA-8C0F-4302F12825C3 index=2,mobile,/private/var/mobile/Library/Safari/BrowserState.db
TABHISTORY,111.38 ｜ SOLBUSD | Binance Spot,https://www.binance.com/en/trade/SOL_BUSD,Tab UUID=8DFDA12A-B7FB-48FA-8C0F-4302F12825C3 index=3,mobile,/private/var/mobile/Library/Safari/BrowserState.db
TABHISTORY,https://www.google.nl/search?q=bitcoin+koers&ie=UTF-8&oe=UTF-8&hl=nl-nl&client=safari,Tab UUID=8DFDA12A-B7FB-48FA-8C0F-4302F12825C3 index=4,mobile,/private/var/mobile/Library/Safari/BrowserState.db
TABHISTORY,Bitcoin koers (BTC) in euro (€) | Bitvavo.com,https://bitvavo.com/nl/bitcoin/koers,Tab UUID=8DFDA12A-B7FB-48FA-8C0F-4302F12825C3 index=5,mobile,/private/var/mobile/Library/Safari/BrowserState.db
TABHISTORY,beltegoed controleren - Google Zoeken,https://www.google.nl/search?q=beltegoed+controleren&ie=UTF-8&oe=UTF-8&hl=nl-nl&client=safari,Tab UUID=8DFDA12A-B7FB-48FA-8C0F-4302F12825C3 index=6,mobile,/private/var/mobile/Library/Safari/BrowserState.db
TABHISTORY,beltegoed controleren kpn - Google Zoeken,https://www.google.nl/search?q=beltegoed+controleren+kpn&client=safari&hl=nl-nl&sxsrf=APq-WBurG0IEwD8735O9StSow_aru3lutg%3A1644832172636&ei=rCUKYt-5Jv7j7_UP5r6cgA8,Tab UUID=8DFDA12A-B7FB-48FA-8C0F-4302F12825C3 index=7,mobile,/private/var/mobile/Library/Safari/BrowserState.db
TABHISTORY,beltegoed controleren kpn - Google Zoeken,https://www.google.nl/search?q=beltegoed+controleren+kpn&client=safari&hl=nl-nl&sxsrf=APq-WBsYgWb4P6aaY_MJyJIeCxfx3EXKbw%3A1644832180261&ei=tCUKYoqnD-mH9u8PhYWCgA8,Tab UUID=8DFDA12A-B7FB-48FA-8C0F-4302F12825C3 index=8,mobile,/private/var/mobile/Library/Safari/BrowserState.db
TABHISTORY,beltegoed opvragen kpn - Google Zoeken,https://www.google.nl/search?q=beltegoed+opvragen+kpn&client=safari&hl=nl-nl&sxsrf=APq-WBvS3nCEna83LRRNgRQlRN6-ISoivA%3A1644832229479&ei=5SUKYunYHOPl7_UPi8KuiA8,Tab UUID=8DFDA12A-B7FB-48FA-8C0F-4302F12825C3 index=9,mobile,/private/var/mobile/Library/Safari/BrowserState.db
TABHISTORY,"AD.nl, het laatste nieuws uit binnen- en buitenland, sport en show | AD.nl",https://www.ad.nl/,Tab UUID=8DFDA12A-B7FB-48FA-8C0F-4302F12825C3 index=10,mobile,/private/var/mobile/Library/Safari/BrowserState.db
TAB,"NOS.nl - Nieuws, Sport en Evenementen | Nederlandse Omroep Stichting",https://nos.nl/,Tab UUID=0A73032C-B71A-4D16-AE82-F4C18B3E6E0B,mobile,/private/var/mobile/Library/Safari/BrowserState.db
TAB,'Feyenoord ziet opvolger gewilde Senesi rondlopen bij RKC Waalwijk' - FCUpdate.nl,https://www.google.nl/amp/s/m.fcupdate.nl/ampartikel/%3fid=397664,Tab UUID=ABF284D8-6084-45B5-8363-32879837B8A3,mobile,/private/var/mobile/Library/Safari/BrowserState.db
TABHISTORY,https://app.busd-coin.com/Trcareas/#/pages/login/login?r_code=affb23,Tab UUID=ABF284D8-6084-45B5-8363-32879837B8A3 index=0,mobile,/private/var/mobile/Library/Safari/BrowserState.db
TABHISTORY,https://app.busd-coin.com/Trcareas/#/pages/login/login?r_code=affb23,Tab UUID=ABF284D8-6084-45B5-8363-32879837B8A3 index=1,mobile,/private/var/mobile/Library/Safari/BrowserState.db
TABHISTORY,NU - Het laatste nieuws het eerst op NU.nl,https://www.nu.nl/,Tab UUID=ABF284D8-6084-45B5-8363-32879837B8A3 index=2,mobile,/private/var/mobile/Library/Safari/BrowserState.db
TABHISTORY,NU.nl,https://www.nu.nl/privacy-gate/accept?redirectUri=https%3A%2F%2Fwww.nu.nl%2F291433%2Fvideo%2Fvolt-meldingen-over-nilufer-schok-voor-fractie-en-partij.html&authId=086b576c-e983-429f-9fbd-f3bb06038d75&referrer=https%3A%2F%2Fwww.nu.nl%2F291433%2Fvideo%2Fvolt-meldingen-over-nilufer-schok-voor-fractie-en-partij.html&referer=https%3A%2F%2Fwww.nu.nl%2F291433%2Fvideo%2Fvolt-meldingen-over-nilufer-schok-voor-fractie-en-partij.html,Tab UUID=ABF284D8-6084-45B5-8363-32879837B8A3 index=3,mobile,/private/var/mobile/Library/Safari/BrowserState.db
TABHISTORY,https://translate.google.com/,Tab UUID=ABF284D8-6084-45B5-8363-32879837B8A3 index=4,mobile,/private/var/mobile/Library/Safari/BrowserState.db
TABHISTORY,https://translate.google.com/?sl=auto&tl=en&text=ik%20heb&op=translate,Tab UUID=ABF284D8-6084-45B5-8363-32879837B8A3 index=5,mobile,/private/var/mobile/Library/Safari/BrowserState.db
TABHISTORY,https://translate.google.com/?sl=auto&tl=en&op=translate,Tab UUID=ABF284D8-6084-45B5-8363-32879837B8A3 index=6,mobile,/private/var/mobile/Library/Safari/BrowserState.db
TABHISTORY,https://translate.google.com/?sl=auto&tl=en&text=ik%20b&op=translate,Tab UUID=ABF284D8-6084-45B5-8363-32879837B8A3 index=7,mobile,/private/var/mobile/Library/Safari/BrowserState.db
TABHISTORY,https://translate.google.com/?sl=auto&tl=en&op=translate,Tab UUID=ABF284D8-6084-45B5-8363-32879837B8A3 index=8,mobile,/private/var/mobile/Library/Safari/BrowserState.db
TABHISTORY,https://translate.google.com/?sl=auto&tl=en&text=Ik%20beb%20banda&op=translate,Tab UUID=ABF284D8-6084-45B5-8363-32879837B8A3 index=9,mobile,/private/var/mobile/Library/Safari/BrowserState.db
TABHISTORY,https://translate.google.com/?sl=auto&tl=en&text=Ik%20heb%20een%20ddukke%20&op=translate,Tab UUID=ABF284D8-6084-45B5-8363-32879837B8A3 index=10,mobile,/private/var/mobile/Library/Safari/BrowserState.db
TABHISTORY,https://translate.google.com/?sl=auto&tl=en&text=Ik%20heb%20een%20drukke%20dag%20gehad%20op%20wwek%20&op=translate,Tab UUID=ABF284D8-6084-45B5-8363-32879837B8A3 index=11,mobile,/private/var/mobile/Library/Safari/BrowserState.db
TABHISTORY,https://translate.google.com/?sl=auto&tl=en&text=Ik%20heb%20een%20drukke%20dag%20gehad%20op%20wwek.&op=translate,Tab UUID=ABF284D8-6084-45B5-8363-32879837B8A3 index=12,mobile,/private/var/mobile/Library/Safari/BrowserState.db
TABHISTORY,https://translate.google.com/?sl=auto&tl=en&text=Ik%20heb%20een%20drukke%20dag%20gehad%20op%20werk%20vandaag.%20iij&op=translate,Tab UUID=ABF284D8-6084-45B5-8363-32879837B8A3 index=13,mobile,/private/var/mobile/Library/Safari/BrowserState.db
TABHISTORY,https://translate.google.com/?sl=auto&tl=en&text=Ik%20heb%20een%20drukke%20dag%20gehad%20op%20werk%20vandaag.%20Jij%3F&op=translate,Tab UUID=ABF284D8-6084-45B5-8363-32879837B8A3 index=14,mobile,/private/var/mobile/Library/Safari/BrowserState.db
TABHISTORY,https://www.google.nl/search?q=mediamarkt&ie=UTF-8&oe=UTF-8&hl=nl-nl&client=safari,Tab UUID=ABF284D8-6084-45B5-8363-32879837B8A3 index=15,mobile,/private/var/mobile/Library/Safari/BrowserState.db
TABHISTORY,MediaMarkt,https://www.mediamarkt.nl/?rbtc=google%7Ccpc%7Cbranded&gclid=Cj0KCQiA3rKQBhCNARIsACUEW_Zx0ByUNNTQqHnJvs7HmJ37cWQvEjbPDEEMHCAM2dAf3kaU4MWVWVUaAnhBEALw_wcB&gclsrc=aw.ds,Tab UUID=ABF284D8-6084-45B5-8363-32879837B8A3 index=16,mobile,/private/var/mobile/Library/Safari/BrowserState.db
TABHISTORY,https://www.mediamarkt.nl/webapp/wcs/stores/servlet/MultiChannelMANewsletterRegister,Tab UUID=ABF284D8-6084-45B5-8363-32879837B8A3 index=17,mobile,/private/var/mobile/Library/Safari/BrowserState.db
TABHISTORY,https://www.mediamarkt.nl/webapp/wcs/stores/servlet/MultiChannelMANewsletterRegisterConfirm?krypto=O%2FN1KA6%2B8Lc3uPCbmgJc0tkEjMruqTrGEoPMJu9JmFmaS8JkrLhJENN9svLaYdwCwqFR2Ikq%2Fmtv4HiycuSB9HoMPWFqOssDNA%2FmQXQTRwa3Vx%2BNR2MeoQbTEVFipN6wcpjlFfkFeQBGSoCXIIRk%2FroPDolfxJ6hZpJbHCvJj10VUpZJvhnyOIjkaKhCR2SuZtlWBR2G4Wg4EiPGrCbbOA%3D%3D,Tab UUID=ABF284D8-6084-45B5-8363-32879837B8A3 index=18,mobile,/private/var/mobile/Library/Safari/BrowserState.db
TABHISTORY,Bitcoin Koers - bekijk de actuele waarde van Bitcoin,https://www.bitcoinkoers.org/,Tab UUID=ABF284D8-6084-45B5-8363-32879837B8A3 index=19,mobile,/private/var/mobile/Library/Safari/BrowserState.db
TABHISTORY,https://www.google.nl/search?q=feyenoord&ie=UTF-8&oe=UTF-8&hl=nl-nl&client=safari,Tab UUID=ABF284D8-6084-45B5-8363-32879837B8A3 index=20,mobile,/private/var/mobile/Library/Safari/BrowserState.db
TABHISTORY,https://www.google.nl/search?q=bitvavo+btc&ie=UTF-8&oe=UTF-8&hl=nl-nl&client=safari,Tab UUID=ABF284D8-6084-45B5-8363-32879837B8A3 index=21,mobile,/private/var/mobile/Library/Safari/BrowserState.db
TABHISTORY,Bitvavo.com | Trade the Future,https://bitvavo.com/nl,Tab UUID=ABF284D8-6084-45B5-8363-32879837B8A3 index=22,mobile,/private/var/mobile/Library/Safari/BrowserState.db
TABHISTORY,Bitcoin koers (BTC) in euro (€) | Bitvavo.com,https://bitvavo.com/nl/bitcoin/koers,Tab UUID=ABF284D8-6084-45B5-8363-32879837B8A3 index=23,mobile,/private/var/mobile/Library/Safari/BrowserState.db
TABHISTORY,https://www.google.nl/search?q=feyenoord&ie=UTF-8&oe=UTF-8&hl=nl-nl&client=safari,Tab UUID=ABF284D8-6084-45B5-8363-32879837B8A3 index=24,mobile,/private/var/mobile/Library/Safari/BrowserState.db
TAB,"Bitcoin koers herstelt sterk, meer volatiliteit wordt verwacht » Crypto Insiders",https://www.crypto-insiders.nl/nieuws/bitcoin/bitcoin-koers-herstelt-sterk-meer-volatiliteit-wordt-verwacht/,Tab UUID=678EAD94-B05B-4F4C-B4AF-BC193E470A94,mobile,/private/var/mobile/Library/Safari/BrowserState.db
TABHISTORY,https://consent.youtube.com/m?continue=https%3A%2F%2Fm.youtube.com%2Fchannel%2FUCw1X44V-OElzsc1hyRnx1-g%3Fcbrd%3D1&gl=NL&m=1&pc=yt&uxe=23983171&hl=nl&src=1,Tab UUID=678EAD94-B05B-4F4C-B4AF-BC193E470A94 index=0,mobile,/private/var/mobile/Library/Safari/BrowserState.db
TABHISTORY,https://www.google.nl/?client=safari,Tab UUID=678EAD94-B05B-4F4C-B4AF-BC193E470A94 index=1,mobile,/private/var/mobile/Library/Safari/BrowserState.db
TABHISTORY,https://www.google.nl/search?q=%22liss+hoper%22&client=safari&sxsrf=APq-WBsEEc3L_b0DlwbThpBlYmKQi5wdMQ%3A1645649550800&source=hp&ei=jp4WYo--LcPd7_UPhLml6Ak&oq=&gs_lcp=ChFtb2JpbGUtZ3dzLXdpei1ocBABGAEyBwgjEOoCECcyBwgjEOoCECcyBwgjEOoCECcyBwgjEOoCECcyBwgjEOoCECcyBwgjEOoCECcyBwgjEOoCECcyBwgjEOoCECcyBwgjEOoCECcyBwgjEOoCECcyBwgjEOoCECcyBwgjEOoCECcyBwgjEOoCECcyBwgjEOoCECcyBwgjEOoCECdQsgtYtxJg8x9oAnAAeACAAV-IAV-SAQExmAEAoAEBsAEP&sclient=mobile-gws-wiz-hp,Tab UUID=678EAD94-B05B-4F4C-B4AF-BC193E470A94 index=2,mobile,/private/var/mobile/Library/Safari/BrowserState.db
TABHISTORY,liss hoper - Google Zoeken,https://www.google.nl/search?q=liss+hoper&client=safari&prmd=isvn&sxsrf=APq-WBt2-7GIKSk5_3KPz-tnPFNe58tcIw:1645649556946&source=lnms&tbm=isch&sa=X&ved=2ahUKEwjvkZCq2pb2AhXNgP0HHYisDsUQ_AUoAXoECAIQAQ&biw=375&bih=553&dpr=2,Tab UUID=678EAD94-B05B-4F4C-B4AF-BC193E470A94 index=3,mobile,/private/var/mobile/Library/Safari/BrowserState.db
TABHISTORY,Bitcoin Koers - bekijk de actuele waarde van Bitcoin,https://www.bitcoinkoers.org/,Tab UUID=678EAD94-B05B-4F4C-B4AF-BC193E470A94 index=4,mobile,/private/var/mobile/Library/Safari/BrowserState.db
TABHISTORY,https://www.google.nl/search?q=bitcoin&ie=UTF-8&oe=UTF-8&hl=nl-nl&client=safari,Tab UUID=678EAD94-B05B-4F4C-B4AF-BC193E470A94 index=5,mobile,/private/var/mobile/Library/Safari/BrowserState.db
